rank,score,store,handle,title,vendor,product_type,price,cost,margin,available,published_at,bestseller_rank,similar_stores,s_bestseller,s_similar,s_price,s_recent,s_margin,url,image
1,35.0,www.taylorstitch.com,long-sleeve-shop-tee-in-navy-twist-2607,The Long Sleeve Shop Tee in Navy Twist,Taylor Stitch,Knits,80.00,,,True,2026-09-30,,,0.0,0.0,20.0,15.0,0.0,https://www.taylorstitch.com/products/long-sleeve-shop-tee-in-navy-twist-2607,https://cdn.shopify.com/s/files/1/0070/1922/files/Q326_Long_Sleeve_Shop_Tee_in_Navy_Twist_PDP_001.jpg?v=1790713880
2,35.0,www.taylorstitch.com,seafarer-beanie-in-atlantic-blue-donegal-2611,The Seafarer Beanie in Atlantic Blue Donegal,Taylor Stitch,Accessories,48.00,,,True,2026-10-09,,,0.0,0.0,20.0,15.0,0.0,https://www.taylorstitch.com/products/seafarer-beanie-in-atlantic-blue-donegal-2611,https://cdn.shopify.com/s/files/1/0070/1922/files/Q426_TheSeafarerBeanie-AtlanticBlueDonegal_PDP_001.jpg?v=1791490746
3,35.0,www.taylorstitch.com,seafarer-beanie-in-ember-donegal-2611,The Seafarer Beanie in Ember Donegal,Taylor Stitch,Accessories,48.00,,,True,2026-10-09,,,0.0,0.0,20.0,15.0,0.0,https://www.taylorstitch.com/products/seafarer-beanie-in-ember-donegal-2611,https://cdn.shopify.com/s/files/1/0070/1922/files/Q426_TheSeafarerBeanie-EmberDonegal_PDP_001.jpg?v=1791490320
4,35.0,www.taylorstitch.com,seafarer-beanie-in-natural-donegal-2611,The Seafarer Beanie in Natural Donegal,Taylor Stitch,Accessories,48.00,,,True,2026-10-09,,,0.0,0.0,20.0,15.0,0.0,https://www.taylorstitch.com/products/seafarer-beanie-in-natural-donegal-2611,https://cdn.shopify.com/s/files/1/0070/1922/files/Q426_TheSeafarerBeanie-NaturalDonegal_PDP_001.jpg?v=1791489893
5,33.5,www.taylorstitch.com,regenerative-cotton-tee-in-faded-pine-2608,The Regenerative Cotton Tee in Faded Pine,Taylor Stitch,Knits,55.00,,,True,2026-08-07,,,0.0,0.0,20.0,13.5,0.0,https://www.taylorstitch.com/products/regenerative-cotton-tee-in-faded-pine-2608,https://cdn.shopify.com/s/files/1/0070/1922/files/regenerative-cotton-tee-in-faded-pine-2608_001.jpg?v=1790612044
6,33.5,www.taylorstitch.com,regenerative-cotton-tee-in-saffron-2608,The Regenerative Cotton Tee in Saffron,Taylor Stitch,Knits,55.00,,,True,2026-08-07,,,0.0,0.0,20.0,13.5,0.0,https://www.taylorstitch.com/products/regenerative-cotton-tee-in-saffron-2608,https://cdn.shopify.com/s/files/1/0070/1922/files/regenerative-cotton-tee-in-saffron-2608_001.jpg?v=1790612047
7,33.5,www.taylorstitch.com,regenerative-cotton-tee-in-soil-2608,The Regenerative Cotton Tee in Soil,Taylor Stitch,Knits,55.00,,,True,2026-08-07,,,0.0,0.0,20.0,13.5,0.0,https://www.taylorstitch.com/products/regenerative-cotton-tee-in-soil-2608,https://cdn.shopify.com/s/files/1/0070/1922/files/regenerative-cotton-tee-in-soil-2608_001.jpg?v=1790612050
8,33.4,www.taylorstitch.com,organic-cotton-crew-in-dark-forest-waffle-2608,The Organic Cotton Crew in Dark Forest Waffle,Taylor Stitch,Knits,85.00,,,True,2026-08-05,,,0.0,0.0,20.0,13.4,0.0,https://www.taylorstitch.com/products/organic-cotton-crew-in-dark-forest-waffle-2608,https://cdn.shopify.com/s/files/1/0070/1922/files/organic-cotton-crew-in-dark-forest-waffle-2608_001.jpg?v=1790611926
9,32.9,www.taylorstitch.com,deck-tote-in-navy-twill-2607,The Deck Tote in Navy Twill,Taylor Stitch,Accessories,88.00,,,True,2026-07-24,,,0.0,0.0,20.0,12.9,0.0,https://www.taylorstitch.com/products/deck-tote-in-navy-twill-2607,https://cdn.shopify.com/s/files/1/0070/1922/files/deck-tote-in-navy-twill-2607_001_00615f6d-cbd9-4bc9-a845-e0320c311d9b.jpg?v=1790615202
10,32.9,www.taylorstitch.com,mercer-cap-in-drift-club-2607,The Mercer Cap in Drift Club,Taylor Stitch,Accessories,68.00,,,True,2026-07-24,,,0.0,0.0,20.0,12.9,0.0,https://www.taylorstitch.com/products/mercer-cap-in-drift-club-2607,https://cdn.shopify.com/s/files/1/0070/1922/files/mercer-cap-in-drift-club-2607_001.jpg?v=1790611833
11,32.9,www.taylorstitch.com,mercer-cap-in-fish-supply-2607,The Mercer Cap in Fish Supply,Taylor Stitch,Accessories,68.00,,,True,2026-07-24,,,0.0,0.0,20.0,12.9,0.0,https://www.taylorstitch.com/products/mercer-cap-in-fish-supply-2607,https://cdn.shopify.com/s/files/1/0070/1922/files/mercer-cap-in-fish-supply-2607_001.jpg?v=1790611836
12,32.9,www.taylorstitch.com,organic-cotton-shop-tee-in-drift-club-2607,The Organic Cotton Shop Tee in Drift Club,Taylor Stitch,Knits,70.00,,,True,2026-07-24,,,0.0,0.0,20.0,12.9,0.0,https://www.taylorstitch.com/products/organic-cotton-shop-tee-in-drift-club-2607,https://cdn.shopify.com/s/files/1/0070/1922/files/organic-cotton-shop-tee-in-drift-club-2607_001.jpg?v=1790611948
13,32.4,www.taylorstitch.com,organic-cotton-waffle-short-sleeve-crew-in-burgundy-2408,The Organic Cotton Short Sleeve Crew in Burgundy Waffle,Taylor Stitch,Knits,42.00,,,True,2026-07-14,,,0.0,0.0,20.0,12.4,0.0,https://www.taylorstitch.com/products/organic-cotton-waffle-short-sleeve-crew-in-burgundy-2408,https://cdn.shopify.com/s/files/1/0070/1922/files/organic-cotton-waffle-short-sleeve-crew-in-burgundy-2408_001.jpg?v=1790612004
14,32.4,www.taylorstitch.com,organic-cotton-short-sleeve-crew-in-dark-forest-waffle-2608,The Organic Cotton Short Sleeve Crew in Dark Forest Waffle,Taylor Stitch,Knits,70.00,,,True,2026-07-14,,,0.0,0.0,20.0,12.4,0.0,https://www.taylorstitch.com/products/organic-cotton-short-sleeve-crew-in-dark-forest-waffle-2608,https://cdn.shopify.com/s/files/1/0070/1922/files/organic-cotton-short-sleeve-crew-in-dark-forest-waffle-2608_001.jpg?v=1790611964
15,32.1,www.taylorstitch.com,ripper-polo-in-canyon-2607,The Ripper Polo in Canyon,Taylor Stitch,Knits,61.60,,,False,2026-07-07,,,0.0,0.0,20.0,12.1,0.0,https://www.taylorstitch.com/products/ripper-polo-in-canyon-2607,https://cdn.shopify.com/s/files/1/0070/1922/files/instock_m_q326_ripper-polo-canyon_portrait_001.jpg?v=1782837559
16,31.9,www.taylorstitch.com,organic-cotton-shop-tee-in-black-2607,The Organic Cotton Shop Tee in Black,Taylor Stitch,Knits,65.00,,,True,2026-07-02,,,0.0,0.0,20.0,11.9,0.0,https://www.taylorstitch.com/products/organic-cotton-shop-tee-in-black-2607,https://cdn.shopify.com/s/files/1/0070/1922/files/organic-cotton-shop-tee-in-black-2607_001.jpg?v=1790611944
17,31.9,www.taylorstitch.com,organic-cotton-shop-tee-in-heather-grey-2607,The Organic Cotton Shop Tee in Heather Grey,Taylor Stitch,Knits,65.00,,,True,2026-07-02,,,0.0,0.0,20.0,11.9,0.0,https://www.taylorstitch.com/products/organic-cotton-shop-tee-in-heather-grey-2607,https://cdn.shopify.com/s/files/1/0070/1922/files/organic-cotton-shop-tee-in-heather-grey-2607_001.jpg?v=1790611953
18,31.9,www.taylorstitch.com,organic-cotton-shop-tee-in-white-2607,The Organic Cotton Shop Tee in White,Taylor Stitch,Knits,65.00,,,True,2026-07-02,,,0.0,0.0,20.0,11.9,0.0,https://www.taylorstitch.com/products/organic-cotton-shop-tee-in-white-2607,https://cdn.shopify.com/s/files/1/0070/1922/files/organic-cotton-shop-tee-in-white-2607_001.jpg?v=1790611962
19,31.9,www.taylorstitch.com,meridian-polo-in-faded-pine-2607,The Meridian Polo in Faded Pine,Taylor Stitch,Knits,68.60,,,True,2026-07-01,,,0.0,0.0,20.0,11.9,0.0,https://www.taylorstitch.com/products/meridian-polo-in-faded-pine-2607,https://cdn.shopify.com/s/files/1/0070/1922/files/meridian-polo-in-faded-pine-2607_001.jpg?v=1790611838
20,31.8,www.taylorstitch.com,short-sleeve-california-in-redwood-hacci-2607,The Short Sleeve California in Redwood Hacci,Taylor Stitch,Wovens,89.60,,,True,2026-06-30,,,0.0,0.0,20.0,11.8,0.0,https://www.taylorstitch.com/products/short-sleeve-california-in-redwood-hacci-2607,https://cdn.shopify.com/s/files/1/0070/1922/files/short-sleeve-california-in-redwood-hacci-2607_001.jpg?v=1790612147
21,31.8,www.taylorstitch.com,short-sleeve-california-in-tide-stripe-hacci-2607,The Short Sleeve California in Tide Stripe Hacci,Taylor Stitch,Wovens,89.60,,,True,2026-06-30,,,0.0,0.0,20.0,11.8,0.0,https://www.taylorstitch.com/products/short-sleeve-california-in-tide-stripe-hacci-2607,https://cdn.shopify.com/s/files/1/0070/1922/files/short-sleeve-california-in-tide-stripe-hacci-2607_001.jpg?v=1790612153
22,31.5,www.taylorstitch.com,gulf-shirt-in-washed-indigo-twill-2606,The Gulf Shirt in Washed Indigo Twill,Taylor Stitch,Wovens,82.80,,,True,2026-06-22,,,0.0,0.0,20.0,11.5,0.0,https://www.taylorstitch.com/products/gulf-shirt-in-washed-indigo-twill-2606,https://cdn.shopify.com/s/files/1/0070/1922/files/gulf-shirt-in-washed-indigo-twill-2606_001.jpg?v=1790611566
23,31.2,www.taylorstitch.com,cotton-hemp-polo-in-faded-black-2606,The Cotton Hemp Polo in Faded Black,Taylor Stitch,Knits,68.00,,,True,2026-06-16,,,0.0,0.0,20.0,11.2,0.0,https://www.taylorstitch.com/products/cotton-hemp-polo-in-faded-black-2606,https://cdn.shopify.com/s/files/1/0070/1922/files/cotton-hemp-polo-in-faded-black-2606_001.jpg?v=1790611247
24,31.2,www.taylorstitch.com,cotton-hemp-polo-in-sage-2606,The Cotton Hemp Polo in Sage,Taylor Stitch,Knits,70.00,,,True,2026-06-16,,,0.0,0.0,20.0,11.2,0.0,https://www.taylorstitch.com/products/cotton-hemp-polo-in-sage-2606,https://cdn.shopify.com/s/files/1/0070/1922/files/cotton-hemp-polo-in-sage-2606_001.jpg?v=1790611249
25,31.2,www.taylorstitch.com,cotton-hemp-polo-in-vintage-white-2606,The Cotton Hemp Polo in Vintage White,Taylor Stitch,Knits,68.00,,,True,2026-06-16,,,0.0,0.0,20.0,11.2,0.0,https://www.taylorstitch.com/products/cotton-hemp-polo-in-vintage-white-2606,https://cdn.shopify.com/s/files/1/0070/1922/files/cotton-hemp-polo-in-vintage-white-2606_001.jpg?v=1790611252
26,31.0,www.taylorstitch.com,short-sleeve-sunset-crew-in-heather-oat-terry-2607,The Short Sleeve Sunset Crew in Heather Oat Terry,Taylor Stitch,Knits,98.00,,,True,2026-07-22,,,0.0,0.0,18.2,12.8,0.0,https://www.taylorstitch.com/products/short-sleeve-sunset-crew-in-heather-oat-terry-2607,https://cdn.shopify.com/s/files/1/0070/1922/files/short-sleeve-sunset-crew-in-heather-oat-terry-2607_001.jpg?v=1790612199
27,31.0,www.taylorstitch.com,grateful-dead-bolt-patch-set-2606,The Grateful Dead Bolt Patch Set,Taylor Stitch,Accessories,38.00,,,True,2026-06-12,,,0.0,0.0,20.0,11.0,0.0,https://www.taylorstitch.com/products/grateful-dead-bolt-patch-set-2606,https://cdn.shopify.com/s/files/1/0070/1922/files/grateful-dead-bolt-patch-set-2606_001.jpg?v=1790616587
28,31.0,www.taylorstitch.com,grateful-dead-65-patch-set-2606,The Grateful Dead ‘65 Patch Set,Taylor Stitch,Accessories,38.00,,,True,2026-06-12,,,0.0,0.0,20.0,11.0,0.0,https://www.taylorstitch.com/products/grateful-dead-65-patch-set-2606,https://cdn.shopify.com/s/files/1/0070/1922/files/grateful-dead-65-patch-set-2606_001.jpg?v=1790616610
29,30.8,www.taylorstitch.com,cotton-hemp-tee-in-faded-black-2605,The Cotton Hemp Tee in Faded Black,Taylor Stitch,Knits,50.00,,,True,2026-06-08,,,0.0,0.0,20.0,10.8,0.0,https://www.taylorstitch.com/products/cotton-hemp-tee-in-faded-black-2605,https://cdn.shopify.com/s/files/1/0070/1922/files/cotton-hemp-tee-in-faded-black-2605_001.jpg?v=1790611254
30,30.8,www.taylorstitch.com,cotton-hemp-tee-in-goldfinch-2606,The Cotton Hemp Tee in Goldfinch,Taylor Stitch,Knits,35.00,,,True,2026-06-08,,,0.0,0.0,20.0,10.8,0.0,https://www.taylorstitch.com/products/cotton-hemp-tee-in-goldfinch-2606,https://cdn.shopify.com/s/files/1/0070/1922/files/cotton-hemp-tee-in-goldfinch-2606_001.jpg?v=1790611256
31,30.8,www.taylorstitch.com,cotton-hemp-tee-in-heather-oat-2605,The Cotton Hemp Tee in Heather Oat,Taylor Stitch,Knits,50.00,,,True,2026-06-08,,,0.0,0.0,20.0,10.8,0.0,https://www.taylorstitch.com/products/cotton-hemp-tee-in-heather-oat-2605,https://cdn.shopify.com/s/files/1/0070/1922/files/cotton-hemp-tee-in-heather-oat-2605_001.jpg?v=1790611258
32,30.8,www.taylorstitch.com,cotton-hemp-tee-in-navy-2605,The Cotton Hemp Tee in Navy,Taylor Stitch,Knits,50.00,,,True,2026-06-08,,,0.0,0.0,20.0,10.8,0.0,https://www.taylorstitch.com/products/cotton-hemp-tee-in-navy-2605,https://cdn.shopify.com/s/files/1/0070/1922/files/cotton-hemp-tee-in-navy-2605_001.jpg?v=1790611260
33,30.8,www.taylorstitch.com,cotton-hemp-tee-in-sage-2605,The Cotton Hemp Tee in Sage,Taylor Stitch,Knits,50.00,,,True,2026-06-08,,,0.0,0.0,20.0,10.8,0.0,https://www.taylorstitch.com/products/cotton-hemp-tee-in-sage-2605,https://cdn.shopify.com/s/files/1/0070/1922/files/cotton-hemp-tee-in-sage-2605_001.jpg?v=1790611263
34,30.8,www.taylorstitch.com,cotton-hemp-tee-in-vintage-white-2605,The Cotton Hemp Tee in Vintage White,Taylor Stitch,Knits,50.00,,,True,2026-06-08,,,0.0,0.0,20.0,10.8,0.0,https://www.taylorstitch.com/products/cotton-hemp-tee-in-vintage-white-2605,https://cdn.shopify.com/s/files/1/0070/1922/files/cotton-hemp-tee-in-vintage-white-2605_001.jpg?v=1790611265
35,30.8,www.taylorstitch.com,jack-in-pine-twist-waffle-2607,The Jack in Pine Twist Waffle,Taylor Stitch,Wovens,96.60,,,True,2026-07-09,,,0.0,0.0,18.5,12.2,0.0,https://www.taylorstitch.com/products/jack-in-pine-twist-waffle-2607,https://cdn.shopify.com/s/files/1/0070/1922/files/jack-in-pine-twist-waffle-2607_001.jpg?v=1790611683
36,30.8,www.taylorstitch.com,jack-in-timber-twist-waffle-2607,The Jack in Timber Twist Waffle,Taylor Stitch,Wovens,96.60,,,True,2026-07-09,,,0.0,0.0,18.5,12.2,0.0,https://www.taylorstitch.com/products/jack-in-timber-twist-waffle-2607,https://cdn.shopify.com/s/files/1/0070/1922/files/jack-in-timber-twist-waffle-2607_01_1b6486e7-dfb3-463f-9d02-22162a1a4c85.jpg?v=1790617269
37,30.7,www.taylorstitch.com,6-panel-trucker-cap-in-emerald-mesh-2606,The 6-Panel Trucker Cap in Emerald Mesh,Taylor Stitch,Accessories,68.00,,,True,2026-06-04,,,0.0,0.0,20.0,10.7,0.0,https://www.taylorstitch.com/products/6-panel-trucker-cap-in-emerald-mesh-2606,https://cdn.shopify.com/s/files/1/0070/1922/files/instock_m_q226_The-6-Panel-Trucker-Cap-in-Emerald-Mesh_portrait_001.jpg?v=1780958730
38,30.7,www.taylorstitch.com,acid-test-pin-set-2606,The Acid Test Pin Set,Taylor Stitch,Accessories,38.00,,,True,2026-06-04,,,0.0,0.0,20.0,10.7,0.0,https://www.taylorstitch.com/products/acid-test-pin-set-2606,https://cdn.shopify.com/s/files/1/0070/1922/files/acid-test-pin-set-2606_001_e379b20a-0036-46fb-ac5c-d9d1199e8fb1.jpg?v=1790616640
39,30.7,www.taylorstitch.com,bandana-in-faded-black-stamp-2606,The Bandana in Faded Black Stamp,Taylor Stitch,Accessories,45.00,,,True,2026-06-04,,,0.0,0.0,20.0,10.7,0.0,https://www.taylorstitch.com/products/bandana-in-faded-black-stamp-2606,https://cdn.shopify.com/s/files/1/0070/1922/files/bandana-in-faded-black-stamp-2606_001.jpg?v=1790619445
40,30.7,www.taylorstitch.com,magoos-pin-set-2606,The Magoo’s Pin Set,Taylor Stitch,Accessories,38.00,,,True,2026-06-04,,,0.0,0.0,20.0,10.7,0.0,https://www.taylorstitch.com/products/magoos-pin-set-2606,https://cdn.shopify.com/s/files/1/0070/1922/files/magoos-pin-set-2606_001.jpg?v=1790619415
41,30.7,www.taylorstitch.com,mercer-cap-in-bud-green-twill-2606,The Mercer Cap in Bud Green Twill,Taylor Stitch,Accessories,68.00,,,True,2026-06-04,,,0.0,0.0,20.0,10.7,0.0,https://www.taylorstitch.com/products/mercer-cap-in-bud-green-twill-2606,https://cdn.shopify.com/s/files/1/0070/1922/files/instock_m_q226_The_Mercer_Cap_Bud_Green_Twill_portrait_001.jpg?v=1780958348
42,30.7,www.taylorstitch.com,mercer-cap-in-delta-blue-twill-2606,The Mercer Cap in Delta Blue Twill,Taylor Stitch,Accessories,68.00,,,True,2026-06-04,,,0.0,0.0,20.0,10.7,0.0,https://www.taylorstitch.com/products/mercer-cap-in-delta-blue-twill-2606,https://cdn.shopify.com/s/files/1/0070/1922/files/mercer-cap-in-delta-blue-twill-2606_001.jpg?v=1790619838
43,30.7,www.taylorstitch.com,organic-cotton-tee-in-dead-script-2606,The Organic Cotton Tee in Dead Script,Taylor Stitch,Knits,65.00,,,True,2026-06-04,,,0.0,0.0,20.0,10.7,0.0,https://www.taylorstitch.com/products/organic-cotton-tee-in-dead-script-2606,https://cdn.shopify.com/s/files/1/0070/1922/files/instock_m_q226_The-Organic-Cotton-Tee-in-Dead-Script_portrait_001_386b133b-c421-4d03-a952-821a2813cafe.jpg?v=1790621448
44,30.7,www.taylorstitch.com,organic-cotton-tee-in-lemon-stamp-2606,The Organic Cotton Tee in Lemon Stamp,Taylor Stitch,Knits,65.00,,,True,2026-06-04,,,0.0,0.0,20.0,10.7,0.0,https://www.taylorstitch.com/products/organic-cotton-tee-in-lemon-stamp-2606,https://cdn.shopify.com/s/files/1/0070/1922/files/instock_m_q226_The-Organic-Cotton-Tee-in-Lemon-Stamp_portrait_001_957d4e1c-4e68-41a2-88a5-9d04ff2a7f64.jpg?v=1790621413
45,30.7,www.taylorstitch.com,organic-cotton-tee-in-team-dead-2606,The Organic Cotton Tee in Team Dead,Taylor Stitch,Knits,65.00,,,True,2026-06-04,,,0.0,0.0,20.0,10.7,0.0,https://www.taylorstitch.com/products/organic-cotton-tee-in-team-dead-2606,https://cdn.shopify.com/s/files/1/0070/1922/files/instock_m_q226_The-Organic-Cotton-Tee-in-Team-Dead_portrait_001.jpg?v=1780955400
46,30.6,www.taylorstitch.com,short-sleeve-jack-in-deep-sea-seersucker-2604,The Short Sleeve Jack in Deep Sea Seersucker,Taylor Stitch,Wovens,76.80,,,True,2026-06-02,,,0.0,0.0,20.0,10.6,0.0,https://www.taylorstitch.com/products/short-sleeve-jack-in-deep-sea-seersucker-2604,https://cdn.shopify.com/s/files/1/0070/1922/files/short-sleeve-jack-in-deep-sea-seersucker-2604_001.jpg?v=1790612167
47,30.3,www.taylorstitch.com,apres-short-in-fennel-block-print-2606,The Apres Short in Fennel Block Print,Taylor Stitch,Bottoms,82.60,,,False,2026-05-28,,,0.0,0.0,20.0,10.3,0.0,https://www.taylorstitch.com/products/apres-short-in-fennel-block-print-2606,https://cdn.shopify.com/s/files/1/0070/1922/files/apres-short-in-fennel-block-print-2606_001.jpg?v=1790611035
48,30.3,www.taylorstitch.com,apres-short-in-sangria-block-print-2606,The Apres Short in Sangria Block Print,Taylor Stitch,Bottoms,82.60,,,False,2026-05-28,,,0.0,0.0,20.0,10.3,0.0,https://www.taylorstitch.com/products/apres-short-in-sangria-block-print-2606,https://cdn.shopify.com/s/files/1/0070/1922/files/apres-short-in-sangria-block-print-2606_001.jpg?v=1790611062
49,30.3,www.taylorstitch.com,short-sleeve-jack-in-burgundy-linen-2606,The Short Sleeve Jack in Burgundy Linen,Taylor Stitch,Wovens,81.00,,,True,2026-05-28,,,0.0,0.0,20.0,10.3,0.0,https://www.taylorstitch.com/products/short-sleeve-jack-in-burgundy-linen-2606,https://cdn.shopify.com/s/files/1/0070/1922/files/short-sleeve-jack-in-burgundy-linen-2606_001.jpg?v=1790612165
50,30.3,www.taylorstitch.com,short-sleeve-jack-in-ocean-linen-2606,The Short Sleeve Jack in Ocean Linen,Taylor Stitch,Wovens,81.00,,,True,2026-05-28,,,0.0,0.0,20.0,10.3,0.0,https://www.taylorstitch.com/products/short-sleeve-jack-in-ocean-linen-2606,https://cdn.shopify.com/s/files/1/0070/1922/files/short-sleeve-jack-in-ocean-linen-2606_001.jpg?v=1790612178
51,30.1,www.taylorstitch.com,meridian-polo-in-marine-stripe-2607,The Meridian Polo in Marine Stripe,Taylor Stitch,Knits,98.00,,,False,2026-07-01,,,0.0,0.0,18.2,11.9,0.0,https://www.taylorstitch.com/products/meridian-polo-in-marine-stripe-2607,https://cdn.shopify.com/s/files/1/0070/1922/files/meridian-polo-in-marine-stripe-2607_001.jpg?v=1790611841
52,29.9,www.taylorstitch.com,short-sleeve-california-in-blue-stone-stripe-hemp-2604,The Short Sleeve California in Blue Stone Stripe Hemp,Taylor Stitch,Wovens,70.80,,,True,2026-05-18,,,0.0,0.0,20.0,9.9,0.0,https://www.taylorstitch.com/products/short-sleeve-california-in-blue-stone-stripe-hemp-2604,https://cdn.shopify.com/s/files/1/0070/1922/files/short-sleeve-california-in-blue-stone-stripe-hemp-2604_001.jpg?v=1790612131
53,29.9,www.taylorstitch.com,short-sleeve-california-in-overcast-check-hemp-2604,The Short Sleeve California in Overcast Check Hemp,Taylor Stitch,Wovens,70.80,,,True,2026-05-18,,,0.0,0.0,20.0,9.9,0.0,https://www.taylorstitch.com/products/short-sleeve-california-in-overcast-check-hemp-2604,https://cdn.shopify.com/s/files/1/0070/1922/files/short-sleeve-california-in-overcast-check-hemp-2604_001.jpg?v=1790612143
54,29.9,www.taylorstitch.com,short-sleeve-california-in-sky-hemp-2604,The Short Sleeve California in Sky Hemp,Taylor Stitch,Wovens,70.80,,,True,2026-05-18,,,0.0,0.0,20.0,9.9,0.0,https://www.taylorstitch.com/products/short-sleeve-california-in-sky-hemp-2604,https://cdn.shopify.com/s/files/1/0070/1922/files/short-sleeve-california-in-sky-hemp-2604_001.jpg?v=1790612150
55,29.7,www.taylorstitch.com,short-sleeve-jack-in-dried-palms-2605,The Short Sleeve Jack in Dried Palms,Taylor Stitch,Wovens,89.60,,,False,2026-05-14,,,0.0,0.0,20.0,9.7,0.0,https://www.taylorstitch.com/products/short-sleeve-jack-in-dried-palms-2605,https://cdn.shopify.com/s/files/1/0070/1922/files/short-sleeve-jack-in-dried-palms-2605_001.jpg?v=1790612172
56,29.7,www.taylorstitch.com,short-sleeve-jack-in-magnolia-2605,The Short Sleeve Jack in Magnolia,Taylor Stitch,Wovens,89.60,,,False,2026-05-14,,,0.0,0.0,20.0,9.7,0.0,https://www.taylorstitch.com/products/short-sleeve-jack-in-magnolia-2605,https://cdn.shopify.com/s/files/1/0070/1922/files/short-sleeve-jack-in-magnolia-2605_001.jpg?v=1790612176
57,29.6,www.taylorstitch.com,stretch-braided-belt-in-natural-2604,The Stretch Braided Belt in Natural,Taylor Stitch,Accessories,88.00,,,True,2026-05-11,,,0.0,0.0,20.0,9.6,0.0,https://www.taylorstitch.com/products/stretch-braided-belt-in-natural-2604,https://cdn.shopify.com/s/files/1/0070/1922/files/stretch-braided-belt-in-natural-2604_001.jpg?v=1790612299
58,29.4,www.taylorstitch.com,apres-short-in-coal-hemp-2605,The Apres Short in Coal Hemp,Taylor Stitch,Bottoms,64.80,,,True,2026-05-07,,,0.0,0.0,20.0,9.4,0.0,https://www.taylorstitch.com/products/apres-short-in-coal-hemp-2605,https://cdn.shopify.com/s/files/1/0070/1922/files/apres-short-in-coal-hemp-2605_001.jpg?v=1790611033
59,29.3,www.taylorstitch.com,hawthorne-shirt-in-fennel-block-print-2606,The Hawthorne Shirt in Fennel Block Print,Taylor Stitch,Wovens,94.50,,,False,2026-05-28,,,0.0,0.0,19.0,10.3,0.0,https://www.taylorstitch.com/products/hawthorne-shirt-in-fennel-block-print-2606,https://cdn.shopify.com/s/files/1/0070/1922/files/hawthorne-shirt-in-fennel-block-print-2606_001.jpg?v=1790611578
60,29.3,www.taylorstitch.com,hawthorne-shirt-in-sangria-block-print-2606,The Hawthorne Shirt in Sangria Block Print,Taylor Stitch,Wovens,94.50,,,False,2026-05-28,,,0.0,0.0,19.0,10.3,0.0,https://www.taylorstitch.com/products/hawthorne-shirt-in-sangria-block-print-2606,https://cdn.shopify.com/s/files/1/0070/1922/files/hawthorne-shirt-in-sangria-block-print-2606_001.jpg?v=1790611582
61,29.3,www.taylorstitch.com,conrad-shirt-in-heather-chili-pincord-2605,The Conrad Shirt in Heather Chili Pincord,Taylor Stitch,Wovens,82.80,,,True,2026-05-05,,,0.0,0.0,20.0,9.3,0.0,https://www.taylorstitch.com/products/conrad-shirt-in-heather-chili-pincord-2605,https://cdn.shopify.com/s/files/1/0070/1922/files/conrad-shirt-in-heather-chili-pincord-2605_001.jpg?v=1790611235
62,29.3,www.taylorstitch.com,conrad-shirt-in-heather-oat-pincord-2605,The Conrad Shirt in Heather Oat Pincord,Taylor Stitch,Wovens,82.80,,,True,2026-05-05,,,0.0,0.0,20.0,9.3,0.0,https://www.taylorstitch.com/products/conrad-shirt-in-heather-oat-pincord-2605,https://cdn.shopify.com/s/files/1/0070/1922/files/conrad-shirt-in-heather-oat-pincord-260_001.jpg?v=1790613420
63,29.3,www.taylorstitch.com,conrad-shirt-in-navy-pigeon-foulard-pincord-2605,The Conrad Shirt in Navy Pigeon Foulard Pincord,Taylor Stitch,Wovens,67.62,,,False,2026-05-05,,,0.0,0.0,20.0,9.3,0.0,https://www.taylorstitch.com/products/conrad-shirt-in-navy-pigeon-foulard-pincord-2605,https://cdn.shopify.com/s/files/1/0070/1922/files/conrad-shirt-in-navy-pigeon-foulard-pincord-2605_001.jpg?v=1790611238
64,29.1,www.taylorstitch.com,arlo-sweater-polo-in-burgundy-texture-knit-2605,The Arlo Sweater Polo in Burgundy Texture Knit,Taylor Stitch,Knits,88.80,,,False,2026-05-01,,,0.0,0.0,20.0,9.1,0.0,https://www.taylorstitch.com/products/arlo-sweater-polo-in-burgundy-texture-knit-2605,https://cdn.shopify.com/s/files/1/0070/1922/files/arlo-sweater-polo-in-burgundy-texture-knit-2605_001.jpg?v=1790611063
65,29.1,www.taylorstitch.com,arlo-sweater-polo-in-cilantro-texture-knit-2605,The Arlo Sweater Polo in Cilantro Texture Knit,Taylor Stitch,Knits,88.80,,,True,2026-05-01,,,0.0,0.0,20.0,9.1,0.0,https://www.taylorstitch.com/products/arlo-sweater-polo-in-cilantro-texture-knit-2605,https://cdn.shopify.com/s/files/1/0070/1922/files/arlo-sweater-polo-in-cilantro-texture-knit-2605_001.jpg?v=1790611065
66,29.1,www.taylorstitch.com,arlo-sweater-polo-in-oat-texture-knit-2605,The Arlo Sweater Polo in Oat Texture Knit,Taylor Stitch,Knits,88.80,,,True,2026-05-01,,,0.0,0.0,20.0,9.1,0.0,https://www.taylorstitch.com/products/arlo-sweater-polo-in-oat-texture-knit-2605,https://cdn.shopify.com/s/files/1/0070/1922/files/arlo-sweater-polo-in-oat-texture-knit-2605_001.jpg?v=1790611069
67,29.1,www.taylorstitch.com,short-sleeve-rugby-shirt-in-port-stripe-2605,The Short Sleeve Rugby Shirt in Port Stripe,Taylor Stitch,Knits,82.60,,,True,2026-05-01,,,0.0,0.0,20.0,9.1,0.0,https://www.taylorstitch.com/products/short-sleeve-rugby-shirt-in-port-stripe-2605,https://cdn.shopify.com/s/files/1/0070/1922/files/short-sleeve-rugby-shirt-in-port-stripe-2605_001.jpg?v=1790612196
68,29.1,www.taylorstitch.com,organic-cotton-shop-tee-in-plum-twist-2604,The Organic Cotton Shop Tee in Plum Twist,Taylor Stitch,Knits,65.00,,,True,2026-04-30,,,0.0,0.0,20.0,9.1,0.0,https://www.taylorstitch.com/products/organic-cotton-shop-tee-in-plum-twist-2604,https://cdn.shopify.com/s/files/1/0070/1922/files/organic-cotton-shop-tee-in-plum-twist-2604_001.jpg?v=1790611960
69,29.0,www.taylorstitch.com,short-sleeve-mechanic-shirt-in-khaki-ripstop-2604,The Short Sleeve Mechanic Shirt in Khaki Ripstop,Taylor Stitch,Wovens,82.80,,,True,2026-04-28,,,0.0,0.0,20.0,9.0,0.0,https://www.taylorstitch.com/products/short-sleeve-mechanic-shirt-in-khaki-ripstop-2604,https://cdn.shopify.com/s/files/1/0070/1922/files/short-sleeve-mechanic-shirt-in-khaki-ripstop-2604_001.jpg?v=1790612193
70,29.0,www.taylorstitch.com,boulder-short-in-mushroom-ripstop-2603,The Boulder Short in Mushroom Ripstop,Taylor Stitch,Bottoms,89.60,,,False,2026-04-27,,,0.0,0.0,20.0,9.0,0.0,https://www.taylorstitch.com/products/boulder-short-in-mushroom-ripstop-2603,https://cdn.shopify.com/s/files/1/0070/1922/files/boulder-short-in-mushroom-ripstop-2603_001.jpg?v=1790611081
71,28.9,www.taylorstitch.com,davis-shirt-in-driftwood-eyelet-2606,The Davis Shirt in Driftwood Eyelet,Taylor Stitch,Wovens,96.60,,,False,2026-05-28,,,0.0,0.0,18.5,10.3,0.0,https://www.taylorstitch.com/products/davis-shirt-in-driftwood-eyelet-2606,https://cdn.shopify.com/s/files/1/0070/1922/files/davis-shirt-in-driftwood-eyelet-2606_001.jpg?v=1790611346
72,28.9,www.taylorstitch.com,davis-shirt-in-navy-floral-embroidery-2606,The Davis Shirt in Navy Floral Embroidery,Taylor Stitch,Wovens,96.60,,,False,2026-05-28,,,0.0,0.0,18.5,10.3,0.0,https://www.taylorstitch.com/products/davis-shirt-in-navy-floral-embroidery-2606,https://cdn.shopify.com/s/files/1/0070/1922/files/davis-shirt-in-navy-floral-embroidery-2606_001.jpg?v=1790611356
73,28.9,www.taylorstitch.com,davis-shirt-in-vintage-white-embroidered-stripe-2606,The Davis Shirt in Vintage White Embroidered Stripe,Taylor Stitch,Wovens,96.60,,,False,2026-05-28,,,0.0,0.0,18.5,10.3,0.0,https://www.taylorstitch.com/products/davis-shirt-in-vintage-white-embroidered-stripe-2606,https://cdn.shopify.com/s/files/1/0070/1922/files/davis-shirt-in-vintage-white-embroidered-stripe-2606_001.jpg?v=1790611358
74,28.8,www.taylorstitch.com,short-sleeve-california-in-heather-oat-double-knit-2605,The Short Sleeve California in Heather Oat Double Knit,Taylor Stitch,Knits,89.60,,,True,2026-04-23,,,0.0,0.0,20.0,8.8,0.0,https://www.taylorstitch.com/products/short-sleeve-california-in-heather-oat-double-knit-2605,https://cdn.shopify.com/s/files/1/0070/1922/files/short-sleeve-california-in-heather-oat-double-knit-2605_001.jpg?v=1790612139
75,28.7,www.taylorstitch.com,jack-in-blue-sky-stripe-linen-2605,The Jack in Blue Sky Stripe Linen,Taylor Stitch,Wovens,87.00,,,True,2026-04-22,,,0.0,0.0,20.0,8.7,0.0,https://www.taylorstitch.com/products/jack-in-blue-sky-stripe-linen-2605,https://cdn.shopify.com/s/files/1/0070/1922/files/jack-in-blue-sky-stripe-linen-2605_001.jpg?v=1790611610
76,28.7,www.taylorstitch.com,pleated-short-in-organic-field-khaki-twill-2604,The Pleated Short in Organic Field Khaki Twill,Taylor Stitch,Bottoms,82.80,,,True,2026-04-22,,,0.0,0.0,20.0,8.7,0.0,https://www.taylorstitch.com/products/pleated-short-in-organic-field-khaki-twill-2604,https://cdn.shopify.com/s/files/1/0070/1922/files/pleated-short-in-organic-field-khaki-twill-2604_001.jpg?v=1790612032
77,28.7,www.taylorstitch.com,scout-short-in-burnt-olive-ripstop-2605,The Scout Short in Burnt Olive Ripstop,Taylor Stitch,Bottoms,82.80,,,True,2026-04-22,,,0.0,0.0,20.0,8.7,0.0,https://www.taylorstitch.com/products/scout-short-in-burnt-olive-ripstop-2605,https://cdn.shopify.com/s/files/1/0070/1922/files/scout-short-in-burnt-olive-ripstop-2605_001.jpg?v=1790612087
78,28.7,www.taylorstitch.com,short-sleeve-california-in-desert-hemp-2604,The Short Sleeve California in Desert Hemp,Taylor Stitch,Wovens,70.80,,,True,2026-04-22,,,0.0,0.0,20.0,8.7,0.0,https://www.taylorstitch.com/products/short-sleeve-california-in-desert-hemp-2604,https://cdn.shopify.com/s/files/1/0070/1922/files/short-sleeve-california-in-desert-hemp-2604_001.jpg?v=1790612133
79,28.7,www.taylorstitch.com,short-sleeve-california-in-heather-driftwood-double-knit-2605,The Short Sleeve California in Heather Driftwood Double Knit,Taylor Stitch,Knits,89.60,,,False,2026-04-22,,,0.0,0.0,20.0,8.7,0.0,https://www.taylorstitch.com/products/short-sleeve-california-in-heather-driftwood-double-knit-2605,https://cdn.shopify.com/s/files/1/0070/1922/files/short-sleeve-california-in-heather-driftwood-double-knit-2605_001.jpg?v=1790612137
80,28.7,www.taylorstitch.com,apres-short-in-field-khaki-hemp-2605,The Apres Short in Field Khaki Hemp,Taylor Stitch,Bottoms,64.80,,,True,2026-04-21,,,0.0,0.0,20.0,8.7,0.0,https://www.taylorstitch.com/products/apres-short-in-field-khaki-hemp-2605,https://cdn.shopify.com/s/files/1/0070/1922/files/apres-short-in-field-khaki-hemp-2605_001.jpg?v=1790611037
81,28.7,www.taylorstitch.com,brody-sweater-tee-in-espresso-stripe-2606,The Brody Sweater Tee in Espresso Stripe,Taylor Stitch,Knits,64.80,,,True,2026-04-21,,,0.0,0.0,20.0,8.7,0.0,https://www.taylorstitch.com/products/brody-sweater-tee-in-espresso-stripe-2606,https://cdn.shopify.com/s/files/1/0070/1922/files/Q226_the-brody-sweater-tee-in-espresso-stripe_pdp_01.jpg?v=1790612490
82,28.7,www.taylorstitch.com,pacific-polo-in-black-indigo-pique-stripe-2604,The Pacific Polo in Black Indigo Pique Stripe,Taylor Stitch,Knits,58.80,,,True,2026-04-21,,,0.0,0.0,20.0,8.7,0.0,https://www.taylorstitch.com/products/pacific-polo-in-black-indigo-pique-stripe-2604,https://cdn.shopify.com/s/files/1/0070/1922/files/pacific-polo-in-black-indigo-pique-stripe-2604_001.jpg?v=1790612009
83,28.7,www.taylorstitch.com,pacific-polo-in-rinsed-indigo-pique-2604,The Pacific Polo in Rinsed Indigo Pique,Taylor Stitch,Knits,68.60,,,True,2026-04-21,,,0.0,0.0,20.0,8.7,0.0,https://www.taylorstitch.com/products/pacific-polo-in-rinsed-indigo-pique-2604,https://cdn.shopify.com/s/files/1/0070/1922/files/pacific-polo-in-rinsed-indigo-pique-2604_001.jpg?v=1790612011
84,28.7,www.taylorstitch.com,pacific-polo-in-washed-indigo-pique-stripe-2604,The Pacific Polo in Washed Indigo Pique Stripe,Taylor Stitch,Knits,68.60,,,False,2026-04-21,,,0.0,0.0,20.0,8.7,0.0,https://www.taylorstitch.com/products/pacific-polo-in-washed-indigo-pique-stripe-2604,https://cdn.shopify.com/s/files/1/0070/1922/files/pacific-polo-in-washed-indigo-pique-stripe-2604_001.jpg?v=1790612014
85,28.6,www.taylorstitch.com,bywater-polo-in-burgundy-knit-stripe-2604,The Bywater Polo in Burgundy Knit Stripe,Taylor Stitch,Knits,82.60,,,False,2026-04-20,,,0.0,0.0,20.0,8.6,0.0,https://www.taylorstitch.com/products/bywater-polo-in-burgundy-knit-stripe-2604,https://cdn.shopify.com/s/files/1/0070/1922/files/bywater-polo-in-burgundy-knit-stripe-2604_001.jpg?v=1790611146
86,28.6,www.taylorstitch.com,bywater-polo-in-natural-knit-stripe-2604,The Bywater Polo in Natural Knit Stripe,Taylor Stitch,Knits,82.60,,,False,2026-04-20,,,0.0,0.0,20.0,8.6,0.0,https://www.taylorstitch.com/products/bywater-polo-in-natural-knit-stripe-2604,https://cdn.shopify.com/s/files/1/0070/1922/files/bywater-polo-in-natural-knit-stripe-2604_001.jpg?v=1790611148
87,28.6,www.taylorstitch.com,bywater-polo-in-rinsed-indigo-knit-stripe-2604,The Bywater Polo in Rinsed Indigo Knit Stripe,Taylor Stitch,Knits,82.60,,,False,2026-04-20,,,0.0,0.0,20.0,8.6,0.0,https://www.taylorstitch.com/products/bywater-polo-in-rinsed-indigo-knit-stripe-2604,https://cdn.shopify.com/s/files/1/0070/1922/files/bywater-polo-in-rinsed-indigo-knit-stripe-2604_001.jpg?v=1790611150
88,28.2,www.taylorstitch.com,apres-short-in-heather-chili-pincord-2605,The Apres Short in Heather Chili Pincord,Taylor Stitch,Bottoms,64.80,,,True,2026-04-10,,,0.0,0.0,20.0,8.2,0.0,https://www.taylorstitch.com/products/apres-short-in-heather-chili-pincord-2605,https://cdn.shopify.com/s/files/1/0070/1922/files/apres-short-in-heather-chili-pincord-2605_001.jpg?v=1790611040
89,28.2,www.taylorstitch.com,apres-short-in-heather-oat-pincord-2605,The Apres Short in Heather Oat Pincord,Taylor Stitch,Bottoms,64.80,,,True,2026-04-10,,,0.0,0.0,20.0,8.2,0.0,https://www.taylorstitch.com/products/apres-short-in-heather-oat-pincord-2605,https://cdn.shopify.com/s/files/1/0070/1922/files/apres-short-in-heather-oat-pincord-2605_001.jpg?v=1790611045
90,28.2,www.taylorstitch.com,apres-short-in-rinsed-indigo-pincord-2605,The Apres Short in Rinsed Indigo Pincord,Taylor Stitch,Bottoms,64.80,,,True,2026-04-10,,,0.0,0.0,20.0,8.2,0.0,https://www.taylorstitch.com/products/apres-short-in-rinsed-indigo-pincord-2605,https://cdn.shopify.com/s/files/1/0070/1922/files/apres-short-in-rinsed-indigo-pincord-2605_001.jpg?v=1790611059
91,28.2,www.taylorstitch.com,short-sleeve-crew-shirt-in-natural-chambray-2604,The Short Sleeve Crew Shirt in Natural Chambray,Taylor Stitch,Wovens,82.80,,,True,2026-04-10,,,0.0,0.0,20.0,8.2,0.0,https://www.taylorstitch.com/products/short-sleeve-crew-shirt-in-natural-chambray-2604,https://cdn.shopify.com/s/files/1/0070/1922/files/short-sleeve-crew-shirt-in-natural-chambray-2604_001.jpg?v=1790612155
92,28.2,www.taylorstitch.com,short-sleeve-crew-shirt-in-washed-indigo-chambray-2604,The Short Sleeve Crew Shirt in Washed Indigo Chambray,Taylor Stitch,Wovens,82.80,,,True,2026-04-10,,,0.0,0.0,20.0,8.2,0.0,https://www.taylorstitch.com/products/short-sleeve-crew-shirt-in-washed-indigo-chambray-2604,https://cdn.shopify.com/s/files/1/0070/1922/files/short-sleeve-crew-shirt-in-washed-indigo-chambray-2604_001.jpg?v=1790612157
93,27.8,www.taylorstitch.com,short-sleeve-jack-in-desert-twist-waffle-2605,The Short Sleeve Jack in Desert Twist Waffle,Taylor Stitch,Wovens,89.60,,,False,2026-04-01,,,0.0,0.0,20.0,7.8,0.0,https://www.taylorstitch.com/products/short-sleeve-jack-in-desert-twist-waffle-2605,https://cdn.shopify.com/s/files/1/0070/1922/files/short-sleeve-jack-in-desert-twist-waffle-2605_001.jpg?v=1790612169
94,27.8,www.taylorstitch.com,short-sleeve-jack-in-fern-twist-waffle-2605,The Short Sleeve Jack in Fern Twist Waffle,Taylor Stitch,Wovens,89.60,,,False,2026-04-01,,,0.0,0.0,20.0,7.8,0.0,https://www.taylorstitch.com/products/short-sleeve-jack-in-fern-twist-waffle-2605,https://cdn.shopify.com/s/files/1/0070/1922/files/short-sleeve-jack-in-fern-twist-waffle-2605_001.jpg?v=1790612174
95,27.5,www.taylorstitch.com,jack-in-algiers-stripe-2604,The Jack in Algiers Stripe,Taylor Stitch,Wovens,89.60,,,False,2026-03-25,,,0.0,0.0,20.0,7.5,0.0,https://www.taylorstitch.com/products/jack-in-algiers-stripe-2604,https://cdn.shopify.com/s/files/1/0070/1922/files/jack-in-algiers-stripe-2604_001.jpg?v=1790611593
96,27.5,www.taylorstitch.com,jack-in-deep-sea-seersucker-2603,The Jack in Deep Sea Seersucker,Taylor Stitch,Wovens,82.80,,,True,2026-03-25,,,0.0,0.0,20.0,7.5,0.0,https://www.taylorstitch.com/products/jack-in-deep-sea-seersucker-2603,https://cdn.shopify.com/s/files/1/0070/1922/files/jack-in-deep-sea-seersucker-2603_001.jpg?v=1790611638
97,27.5,www.taylorstitch.com,jack-in-sea-moss-plaid-2604,The Jack in Sea Moss Plaid,Taylor Stitch,Wovens,89.60,,,False,2026-03-25,,,0.0,0.0,20.0,7.5,0.0,https://www.taylorstitch.com/products/jack-in-sea-moss-plaid-2604,https://cdn.shopify.com/s/files/1/0070/1922/files/jack-in-sea-moss-plaid-2604_001.jpg?v=1790611708
98,27.4,www.taylorstitch.com,jack-in-dark-navy-seersucker-2603,The Jack in Dark Navy Seersucker,Taylor Stitch,Wovens,82.80,,,True,2026-03-24,,,0.0,0.0,20.0,7.4,0.0,https://www.taylorstitch.com/products/jack-in-dark-navy-seersucker-2603,https://cdn.shopify.com/s/files/1/0070/1922/files/jack-in-dark-navy-seersucker-2603_001.jpg?v=1790611632
99,27.4,www.taylorstitch.com,davis-shirt-in-grey-skies-floral-2603,The Davis Shirt in Grey Skies Floral,Taylor Stitch,Wovens,89.60,,,False,2026-03-23,,,0.0,0.0,20.0,7.4,0.0,https://www.taylorstitch.com/products/davis-shirt-in-grey-skies-floral-2603,https://cdn.shopify.com/s/files/1/0070/1922/files/davis-shirt-in-grey-skies-floral-2603_001.jpg?v=1790611348
100,27.4,www.taylorstitch.com,davis-shirt-in-high-seas-2603,The Davis Shirt in High Seas,Taylor Stitch,Wovens,89.60,,,True,2026-03-23,,,0.0,0.0,20.0,7.4,0.0,https://www.taylorstitch.com/products/davis-shirt-in-high-seas-2603,https://cdn.shopify.com/s/files/1/0070/1922/files/davis-shirt-in-high-seas-2603_001.jpg?v=1790611351
101,27.2,www.taylorstitch.com,breakwater-pant-in-grey-marl-2604,The Breakwater Pant in Grey Marl Hemp,Taylor Stitch,Bottoms,96.60,,,False,2026-04-21,,,0.0,0.0,18.5,8.7,0.0,https://www.taylorstitch.com/products/breakwater-pant-in-grey-marl-2604,https://cdn.shopify.com/s/files/1/0070/1922/files/breakwater-pant-in-grey-marl-2604_001.jpg?v=1790611113
102,27.2,www.taylorstitch.com,short-sleeve-mechanic-shirt-in-atlantic-ripstop-2604,The Short Sleeve Mechanic Shirt in Atlantic Ripstop,Taylor Stitch,Wovens,96.60,,,True,2026-04-21,,,0.0,0.0,18.5,8.7,0.0,https://www.taylorstitch.com/products/short-sleeve-mechanic-shirt-in-atlantic-ripstop-2604,https://cdn.shopify.com/s/files/1/0070/1922/files/short-sleeve-mechanic-shirt-in-atlantic-ripstop-2604_001.jpg?v=1790612191
103,27.2,www.taylorstitch.com,breakwater-short-in-brick-chambray-2603,The Breakwater Short in Brick Chambray,Taylor Stitch,Bottoms,82.60,,,True,2026-03-19,,,0.0,0.0,20.0,7.2,0.0,https://www.taylorstitch.com/products/breakwater-short-in-brick-chambray-2603,https://cdn.shopify.com/s/files/1/0070/1922/files/breakwater-short-in-brick-chambray-2603_001.jpg?v=1790611128
104,27.2,www.taylorstitch.com,breakwater-short-in-washed-indigo-chambray-2503,The Breakwater Short in Washed Indigo Chambray,Taylor Stitch,Bottoms,82.60,,,True,2026-03-19,,,0.0,0.0,20.0,7.2,0.0,https://www.taylorstitch.com/products/breakwater-short-in-washed-indigo-chambray-2503,https://cdn.shopify.com/s/files/1/0070/1922/files/breakwater-short-in-washed-indigo-chambray-2503_001.jpg?v=1790611130
105,27.1,www.taylorstitch.com,sunset-short-in-heather-oat-terry-2606,The Sunset Short in Heather Oat Terry,Taylor Stitch,Bottoms,108.00,,,True,2026-06-15,,,0.0,0.0,16.0,11.1,0.0,https://www.taylorstitch.com/products/sunset-short-in-heather-oat-terry-2606,https://cdn.shopify.com/s/files/1/0070/1922/files/sunset-short-in-heather-oat-terry-2606_001.jpg?v=1790612333
106,27.1,www.taylorstitch.com,jack-in-ocean-linen-2605,The Jack in Ocean Linen,Taylor Stitch,Wovens,101.50,,,True,2026-05-12,,,0.0,0.0,17.4,9.6,0.0,https://www.taylorstitch.com/products/jack-in-ocean-linen-2605,https://cdn.shopify.com/s/files/1/0070/1922/files/jack-in-ocean-linen-2605_001.jpg?v=1790611677
107,26.9,www.taylorstitch.com,monterey-sweater-polo-in-deep-sea-geo-crochet-2604,The Monterey Sweater Polo in Deep Sea Geo Crochet,Taylor Stitch,Knits,103.60,,,True,2026-05-18,,,0.0,0.0,17.0,9.9,0.0,https://www.taylorstitch.com/products/monterey-sweater-polo-in-deep-sea-geo-crochet-2604,https://cdn.shopify.com/s/files/1/0070/1922/files/monterey-sweater-polo-in-deep-sea-geo-crochet-2604_001.jpg?v=1790611880
108,26.8,www.taylorstitch.com,valencia-sweater-polo-in-heather-cilantro-rib-2602,The Valencia Sweater Polo in Heather Cilantro Rib,Taylor Stitch,Knits,87.00,,,True,2026-03-10,,,0.0,0.0,20.0,6.8,0.0,https://www.taylorstitch.com/products/valencia-sweater-polo-in-heather-cilantro-rib-2602,https://cdn.shopify.com/s/files/1/0070/1922/files/valencia-sweater-polo-in-heather-cilantro-rib-2602_001.jpg?v=1790612410
109,26.8,www.taylorstitch.com,valencia-sweater-polo-in-heather-clear-blue-rib-2602,The Valencia Sweater Polo in Heather Clear Blue Rib,Taylor Stitch,Knits,87.00,,,True,2026-03-10,,,0.0,0.0,20.0,6.8,0.0,https://www.taylorstitch.com/products/valencia-sweater-polo-in-heather-clear-blue-rib-2602,https://cdn.shopify.com/s/files/1/0070/1922/files/valencia-sweater-polo-in-heather-clear-blue-rib-2602_001.jpg?v=1790612413
110,26.8,www.taylorstitch.com,valencia-sweater-polo-in-heather-coal-rib-2602,The Valencia Sweater Polo in Heather Coal Rib,Taylor Stitch,Knits,87.00,,,True,2026-03-10,,,0.0,0.0,20.0,6.8,0.0,https://www.taylorstitch.com/products/valencia-sweater-polo-in-heather-coal-rib-2602,https://cdn.shopify.com/s/files/1/0070/1922/files/valencia-sweater-polo-in-heather-coal-rib-2602_001.jpg?v=1790612415
111,26.8,www.taylorstitch.com,valencia-sweater-polo-in-heather-grey-rib-2602,The Valencia Sweater Polo in Heather Grey Rib,Taylor Stitch,Knits,87.00,,,False,2026-03-10,,,0.0,0.0,20.0,6.8,0.0,https://www.taylorstitch.com/products/valencia-sweater-polo-in-heather-grey-rib-2602,https://cdn.shopify.com/s/files/1/0070/1922/files/valencia-sweater-polo-in-heather-grey-rib-2602_001.jpg?v=1790612417
112,26.8,www.taylorstitch.com,hawthorne-shirt-in-burnt-olive-floral-jacquard-2604,The Hawthorne Shirt in Burnt Olive Floral Jacquard,Taylor Stitch,Wovens,94.50,,,False,2026-04-01,,,0.0,0.0,19.0,7.8,0.0,https://www.taylorstitch.com/products/hawthorne-shirt-in-burnt-olive-floral-jacquard-2604,https://cdn.shopify.com/s/files/1/0070/1922/files/hawthorne-shirt-in-burnt-olive-floral-jacquard-2604_001.jpg?v=1790611575
113,26.8,www.taylorstitch.com,hawthorne-shirt-in-sky-blue-floral-jacquard-2604,The Hawthorne Shirt in Sky Blue Floral Jacquard,Taylor Stitch,Wovens,94.50,,,False,2026-04-01,,,0.0,0.0,19.0,7.8,0.0,https://www.taylorstitch.com/products/hawthorne-shirt-in-sky-blue-floral-jacquard-2604,https://cdn.shopify.com/s/files/1/0070/1922/files/hawthorne-shirt-in-sky-blue-floral-jacquard-2604_001.jpg?v=1790611583
114,26.7,www.taylorstitch.com,long-sleeve-polo-in-indigo-knit-stripe-2507,The Long Sleeve Polo in Indigo Knit Stripe,Taylor Stitch,Knits,125.00,,,True,2026-08-29,,,0.0,0.0,12.2,14.5,0.0,https://www.taylorstitch.com/products/long-sleeve-polo-in-indigo-knit-stripe-2507,https://cdn.shopify.com/s/files/1/0070/1922/files/long-sleeve-polo-in-indigo-knit-stripe-2507_001.jpg?v=1790611793
115,26.7,www.taylorstitch.com,long-sleeve-polo-in-vintage-white-knit-stripe-2607,The Long Sleeve Polo in Vintage White Knit Stripe,Taylor Stitch,Knits,125.00,,,True,2026-08-29,,,0.0,0.0,12.2,14.5,0.0,https://www.taylorstitch.com/products/long-sleeve-polo-in-vintage-white-knit-stripe-2607,https://cdn.shopify.com/s/files/1/0070/1922/files/long-sleeve-polo-in-vintage-white-knit-stripe-2607_001.jpg?v=1790611796
116,26.7,www.taylorstitch.com,tour-belt-in-washed-saddle-2606,The Tour Belt in Washed Saddle,Taylor Stitch,Accessories,108.00,,,True,2026-06-04,,,0.0,0.0,16.0,10.7,0.0,https://www.taylorstitch.com/products/tour-belt-in-washed-saddle-2606,https://cdn.shopify.com/s/files/1/0070/1922/files/instock_m_q226_the-grateful-dead-tooled-belt-in-washed-saddle_portrait_001_8ec5c1e9-ad52-4b18-a29c-58e7490cd46f.jpg?v=1790634864
117,26.6,www.taylorstitch.com,breakwater-pant-in-rinsed-indigo-hemp-denim-2604,The Breakwater Pant in Rinsed Indigo Hemp Denim,Taylor Stitch,Bottoms,99.40,,,False,2026-04-22,,,0.0,0.0,17.9,8.7,0.0,https://www.taylorstitch.com/products/breakwater-pant-in-rinsed-indigo-hemp-denim-2604,https://cdn.shopify.com/s/files/1/0070/1922/files/breakwater-pant-in-rinsed-indigo-hemp-denim-2604_001.jpg?v=1790611120
118,26.6,www.taylorstitch.com,sunset-crew-in-washed-canyon-terry-2607,The Sunset Crew in Washed Canyon Terry,Taylor Stitch,Knits,118.00,,,True,2026-07-22,,,0.0,0.0,13.8,12.8,0.0,https://www.taylorstitch.com/products/sunset-crew-in-washed-canyon-terry-2607,https://cdn.shopify.com/s/files/1/0070/1922/files/sunset-crew-in-washed-canyon-terry-2607_001.jpg?v=1790612308
119,26.6,www.taylorstitch.com,sunset-pant-in-washed-indigo-terry-2607,The Sunset Pant in Washed Indigo Terry,Taylor Stitch,Bottoms,118.00,,,True,2026-07-22,,,0.0,0.0,13.8,12.8,0.0,https://www.taylorstitch.com/products/sunset-pant-in-washed-indigo-terry-2607,https://cdn.shopify.com/s/files/1/0070/1922/files/sunset-pant-in-washed-indigo-terry-2607_001_6a47d884-e8a3-4583-bc3c-a0cbd5cb872d.jpg?v=1790623692
120,26.6,www.taylorstitch.com,armor-quarter-zip-in-heather-grey-cotton-hemp-2609,The Armor Quarter Zip in Heather Grey Cotton Hemp,Taylor Stitch,Knits,128.00,,,True,2026-09-17,,,0.0,0.0,11.6,15.0,0.0,https://www.taylorstitch.com/products/armor-quarter-zip-in-heather-grey-cotton-hemp-2609,https://cdn.shopify.com/s/files/1/0070/1922/files/Q326_the-armor-quarter-zip-heather-grey-cotton-hemp_pdp_01.jpg?v=1790612207
121,26.6,www.taylorstitch.com,rugby-shirt-in-dry-sage-2610,The Rugby Shirt in Dry Sage,Taylor Stitch,Knits,128.00,,,True,2026-10-03,,,0.0,0.0,11.6,15.0,0.0,https://www.taylorstitch.com/products/rugby-shirt-in-dry-sage-2610,https://cdn.shopify.com/s/files/1/0070/1922/files/Q426_The_Rugby_Shirt_in_Dry_Sage_PDP_001.jpg?v=1790707340
122,26.6,www.taylorstitch.com,rugby-shirt-in-navy-stripe-2610,The Rugby Shirt in Navy Stripe,Taylor Stitch,Knits,128.00,,,True,2026-10-03,,,0.0,0.0,11.6,15.0,0.0,https://www.taylorstitch.com/products/rugby-shirt-in-navy-stripe-2610,https://cdn.shopify.com/s/files/1/0070/1922/files/Q426_The_Rugby_Shirt_in_Navy_Stripe_PDP_001.jpg?v=1790707363
123,26.5,www.taylorstitch.com,baseline-polo-in-asphalt-pique-2603,The Cotton Hemp Polo in Asphalt Pique,Taylor Stitch,Knits,61.60,,,False,2026-03-04,,,0.0,0.0,20.0,6.5,0.0,https://www.taylorstitch.com/products/baseline-polo-in-asphalt-pique-2603,https://cdn.shopify.com/s/files/1/0070/1922/files/baseline-polo-in-asphalt-pique-2603_001.jpg?v=1790611073
124,26.5,www.taylorstitch.com,baseline-polo-in-straw-pique-2603,The Cotton Hemp Polo in Straw Pique,Taylor Stitch,Knits,61.60,,,False,2026-03-04,,,0.0,0.0,20.0,6.5,0.0,https://www.taylorstitch.com/products/baseline-polo-in-straw-pique-2603,https://cdn.shopify.com/s/files/1/0070/1922/files/baseline-polo-in-straw-pique-2603_001.jpg?v=1790611076
125,26.5,www.taylorstitch.com,baseline-polo-in-surf-green-pique-2603,The Cotton Hemp Polo in Surf Green Pique,Taylor Stitch,Knits,61.60,,,False,2026-03-04,,,0.0,0.0,20.0,6.5,0.0,https://www.taylorstitch.com/products/baseline-polo-in-surf-green-pique-2603,https://cdn.shopify.com/s/files/1/0070/1922/files/baseline-polo-in-surf-green-pique-2603_001.jpg?v=1790611079
126,26.3,www.taylorstitch.com,apres-short-in-organic-deep-sea-foundation-twill-2402,The Apres Short in Organic Deep Sea Foundation Twill,Taylor Stitch,Bottoms,64.80,,,True,2026-02-26,,,0.0,0.0,20.0,6.3,0.0,https://www.taylorstitch.com/products/apres-short-in-organic-deep-sea-foundation-twill-2402,https://cdn.shopify.com/s/files/1/0070/1922/files/apres-short-in-organic-deep-sea-foundation-twill-2402_001.jpg?v=1790611050
127,26.2,www.taylorstitch.com,rugby-shirt-in-burgundy-2609,The Rugby Shirt in Burgundy,Taylor Stitch,Knits,128.00,,,True,2026-09-02,,,0.0,0.0,11.6,14.7,0.0,https://www.taylorstitch.com/products/rugby-shirt-in-burgundy-2609,https://cdn.shopify.com/s/files/1/0070/1922/files/rugby-shirt-in-burgundy-2609_001.jpg?v=1790612060
128,26.2,www.taylorstitch.com,jack-in-burgundy-university-stripe-linen-2605,The Jack in Burgundy University Stripe Linen,Taylor Stitch,Wovens,101.50,,,True,2026-04-22,,,0.0,0.0,17.4,8.7,0.0,https://www.taylorstitch.com/products/jack-in-burgundy-university-stripe-linen-2605,https://cdn.shopify.com/s/files/1/0070/1922/files/jack-in-burgundy-university-stripe-linen-2605_001.jpg?v=1790611614
129,26.0,www.taylorstitch.com,button-down-polo-in-charcoal-herringbone-2604,The Button Down Polo in Charcoal Herringbone,Taylor Stitch,Knits,96.60,,,False,2026-03-25,,,0.0,0.0,18.5,7.5,0.0,https://www.taylorstitch.com/products/button-down-polo-in-charcoal-herringbone-2604,https://cdn.shopify.com/s/files/1/0070/1922/files/button-down-polo-in-charcoal-herringbone-2604_001.jpg?v=1790611135
130,26.0,www.taylorstitch.com,button-down-polo-in-desert-herringbone-2604,The Button Down Polo in Desert Herringbone,Taylor Stitch,Knits,96.60,,,False,2026-03-25,,,0.0,0.0,18.5,7.5,0.0,https://www.taylorstitch.com/products/button-down-polo-in-desert-herringbone-2604,https://cdn.shopify.com/s/files/1/0070/1922/files/button-down-polo-in-desert-herringbone-2604_001.jpg?v=1790611140
131,26.0,www.taylorstitch.com,button-down-polo-in-gulf-stream-herringbone-2604,The Button Down Polo in Gulf Stream Herringbone,Taylor Stitch,Knits,96.60,,,True,2026-03-25,,,0.0,0.0,18.5,7.5,0.0,https://www.taylorstitch.com/products/button-down-polo-in-gulf-stream-herringbone-2604,https://cdn.shopify.com/s/files/1/0070/1922/files/button-down-polo-in-gulf-stream-herringbone-2604_001.jpg?v=1790611142
132,26.0,www.taylorstitch.com,short-sleeve-utility-shirt-in-roped-indigo-2504,The Short Sleeve Utility Shirt in Roped Indigo,Taylor Stitch,Wovens,89.60,,,False,2026-02-20,,,0.0,0.0,20.0,6.0,0.0,https://www.taylorstitch.com/products/short-sleeve-utility-shirt-in-roped-indigo-2504,https://cdn.shopify.com/s/files/1/0070/1922/files/short-sleeve-utility-shirt-in-roped-indigo-2504_001.jpg?v=1790612202
133,25.8,www.taylorstitch.com,jack-in-marsh-check-oxford-2608,The Jack in Marsh Check Oxford,Taylor Stitch,Wovens,128.00,,,True,2026-08-24,,,0.0,0.0,11.6,14.3,0.0,https://www.taylorstitch.com/products/jack-in-marsh-check-oxford-2608,https://cdn.shopify.com/s/files/1/0070/1922/files/jack-in-marsh-check-oxford-2608_001.jpg?v=1790611665
134,25.7,www.taylorstitch.com,organic-cotton-short-sleeve-crew-in-faded-brick-waffle-2602,The Organic Cotton Short Sleeve Crew in Faded Brick Waffle,Taylor Stitch,Knits,49.00,,,True,2026-02-13,,,0.0,0.0,20.0,5.7,0.0,https://www.taylorstitch.com/products/organic-cotton-short-sleeve-crew-in-faded-brick-waffle-2602,https://cdn.shopify.com/s/files/1/0070/1922/files/organic-cotton-short-sleeve-crew-in-faded-brick-waffle-2602_001.jpg?v=1790611968
135,25.7,www.taylorstitch.com,organic-cotton-short-sleeve-crew-in-washed-blue-waffle-2602,The Organic Cotton Short Sleeve Crew in Washed Blue Waffle,Taylor Stitch,Knits,49.00,,,True,2026-02-13,,,0.0,0.0,20.0,5.7,0.0,https://www.taylorstitch.com/products/organic-cotton-short-sleeve-crew-in-washed-blue-waffle-2602,https://cdn.shopify.com/s/files/1/0070/1922/files/organic-cotton-short-sleeve-crew-in-washed-blue-waffle-2602_001.jpg?v=1790611974
136,25.6,www.taylorstitch.com,organic-cotton-shop-tee-in-dried-cherry-twist-2602,The Organic Cotton Shop Tee in Dried Cherry Twist,Taylor Stitch,Knits,65.00,,,False,2026-02-11,,,0.0,0.0,20.0,5.6,0.0,https://www.taylorstitch.com/products/organic-cotton-shop-tee-in-dried-cherry-twist-2602,https://cdn.shopify.com/s/files/1/0070/1922/files/instock_m_q126_organiccotton_shoptee_driedcherrytwist_portrait_001.jpg?v=1770751803
137,25.6,www.taylorstitch.com,short-sleeve-california-in-rinsed-indigo-slub-2404,The Short Sleeve California in Rinsed Indigo Slub,Taylor Stitch,Knits,82.60,,,True,2026-02-11,,,0.0,0.0,20.0,5.6,0.0,https://www.taylorstitch.com/products/short-sleeve-california-in-rinsed-indigo-slub-2404,https://cdn.shopify.com/s/files/1/0070/1922/files/short-sleeve-california-in-rinsed-indigo-slub-2404_001.jpg?v=1790612148
138,25.6,www.taylorstitch.com,short-sleeve-california-in-indigo-bleach-wash-slub-2404,The Short Sleeve California in Washed Indigo Slub,Taylor Stitch,Wovens,82.60,,,True,2026-02-11,,,0.0,0.0,20.0,5.6,0.0,https://www.taylorstitch.com/products/short-sleeve-california-in-indigo-bleach-wash-slub-2404,https://cdn.shopify.com/s/files/1/0070/1922/files/short-sleeve-california-in-indigo-bleach-wash-slub-2404_001.jpg?v=1790612140
139,25.5,www.taylorstitch.com,conrad-shirt-in-cloud-cover-dobby-2603,The Conrad Shirt in Cloud Cover Dobby,Taylor Stitch,Wovens,96.60,,,False,2026-03-13,,,0.0,0.0,18.5,6.9,0.0,https://www.taylorstitch.com/products/conrad-shirt-in-cloud-cover-dobby-2603,https://cdn.shopify.com/s/files/1/0070/1922/files/conrad-shirt-in-cloud-cover-dobby-2603_001.jpg?v=1790611229
140,25.5,www.taylorstitch.com,conrad-shirt-in-pickstitch-stripe-dobby-2603,The Conrad Shirt in Pickstitch Stripe Dobby,Taylor Stitch,Wovens,96.60,,,False,2026-03-13,,,0.0,0.0,18.5,6.9,0.0,https://www.taylorstitch.com/products/conrad-shirt-in-pickstitch-stripe-dobby-2603,https://cdn.shopify.com/s/files/1/0070/1922/files/conrad-shirt-in-pickstitch-stripe-dobby-2603_001.jpg?v=1790611240
141,25.4,www.taylorstitch.com,jack-in-deep-sea-twist-waffle-2602,The Jack in Deep Sea Twist Waffle,Taylor Stitch,Wovens,82.80,,,True,2026-02-06,,,0.0,0.0,20.0,5.4,0.0,https://www.taylorstitch.com/products/jack-in-deep-sea-twist-waffle-2602,https://cdn.shopify.com/s/files/1/0070/1922/files/jack-in-deep-sea-twist-waffle-2602_001.jpg?v=1790611641
142,25.4,www.taylorstitch.com,monterey-sweater-polo-in-vintage-white-crochet-2606,The Monterey Sweater Polo in Vintage White Crochet,Taylor Stitch,Knits,103.60,,,False,2026-04-14,,,0.0,0.0,17.0,8.4,0.0,https://www.taylorstitch.com/products/monterey-sweater-polo-in-vintage-white-crochet-2606,https://cdn.shopify.com/s/files/1/0070/1922/files/monterey-sweater-polo-in-vintage-white-crochet-2606_001.jpg?v=1790611881
143,25.3,www.taylorstitch.com,conrad-shirt-in-deep-sea-twist-2502,The Conrad Shirt in Deep Sea Twist,Taylor Stitch,Wovens,96.60,,,False,2026-03-09,,,0.0,0.0,18.5,6.8,0.0,https://www.taylorstitch.com/products/conrad-shirt-in-deep-sea-twist-2502,https://cdn.shopify.com/s/files/1/0070/1922/files/conrad-shirt-in-deep-sea-twist-2502_001.jpg?v=1790611230
144,25.3,www.taylorstitch.com,conrad-shirt-in-port-twist-2502,The Conrad Shirt in Port Twist,Taylor Stitch,Wovens,96.60,,,False,2026-03-09,,,0.0,0.0,18.5,6.8,0.0,https://www.taylorstitch.com/products/conrad-shirt-in-port-twist-2502,https://cdn.shopify.com/s/files/1/0070/1922/files/conrad-shirt-in-port-twist-2502_001.jpg?v=1790611241
145,25.3,www.taylorstitch.com,foundation-short-in-organic-khaki-2602,The Foundation Short in Organic Khaki,Taylor Stitch,Bottoms,82.60,,,True,2026-02-04,,,0.0,0.0,20.0,5.3,0.0,https://www.taylorstitch.com/products/foundation-short-in-organic-khaki-2602,https://cdn.shopify.com/s/files/1/0070/1922/files/foundation-short-in-organic-khaki-2602_001.jpg?v=1790611506
146,25.3,www.taylorstitch.com,foundation-short-in-organic-smoked-olive-2602,The Foundation Short in Organic Smoked Olive,Taylor Stitch,Bottoms,82.60,,,True,2026-02-04,,,0.0,0.0,20.0,5.3,0.0,https://www.taylorstitch.com/products/foundation-short-in-organic-smoked-olive-2602,https://cdn.shopify.com/s/files/1/0070/1922/files/foundation-short-in-organic-smoked-olive-2602_001.jpg?v=1790611509
147,25.1,www.taylorstitch.com,jack-in-navy-stripe-seersucker-2603,The Jack in Navy Stripe Seersucker,Taylor Stitch,Wovens,96.60,,,True,2026-03-05,,,0.0,0.0,18.5,6.6,0.0,https://www.taylorstitch.com/products/jack-in-navy-stripe-seersucker-2603,https://cdn.shopify.com/s/files/1/0070/1922/files/jack-in-navy-stripe-seersucker-2603_001.jpg?v=1790611671
148,25.1,www.taylorstitch.com,jack-in-sand-stripe-seersucker-2603,The Jack in Sand Stripe Seersucker,Taylor Stitch,Wovens,96.60,,,False,2026-03-05,,,0.0,0.0,18.5,6.6,0.0,https://www.taylorstitch.com/products/jack-in-sand-stripe-seersucker-2603,https://cdn.shopify.com/s/files/1/0070/1922/files/jack-in-sand-stripe-seersucker-2603_001.jpg?v=1790611705
149,25.1,www.taylorstitch.com,jack-in-atlantic-blue-madras-2601,The Jack in Atlantic Blue Madras,Taylor Stitch,Wovens,81.00,,,False,2026-01-30,,,0.0,0.0,20.0,5.1,0.0,https://www.taylorstitch.com/products/jack-in-atlantic-blue-madras-2601,https://cdn.shopify.com/s/files/1/0070/1922/files/jack-in-atlantic-blue-madras-2601_001.jpg?v=1790611597
150,25.1,www.taylorstitch.com,jack-in-pale-rose-oxford-2601,The Jack in Pale Rose Oxford,Taylor Stitch,Wovens,89.60,,,False,2026-01-30,,,0.0,0.0,20.0,5.1,0.0,https://www.taylorstitch.com/products/jack-in-pale-rose-oxford-2601,https://cdn.shopify.com/s/files/1/0070/1922/files/jack-in-pale-rose-oxford-2601_001.jpg?v=1790611680
151,25.1,www.taylorstitch.com,jack-in-straw-oxford-2601,The Jack in Straw Oxford,Taylor Stitch,Wovens,89.60,,,False,2026-01-30,,,0.0,0.0,20.0,5.1,0.0,https://www.taylorstitch.com/products/jack-in-straw-oxford-2601,https://cdn.shopify.com/s/files/1/0070/1922/files/jack-in-straw-oxford-2601_001.jpg?v=1790611724
152,25.1,www.taylorstitch.com,jack-in-surf-green-oxford-2601,The Jack in Surf Green Oxford,Taylor Stitch,Wovens,76.80,,,False,2026-01-30,,,0.0,0.0,20.0,5.1,0.0,https://www.taylorstitch.com/products/jack-in-surf-green-oxford-2601,https://cdn.shopify.com/s/files/1/0070/1922/files/jack-in-surf-green-oxford-2601_001.jpg?v=1790611727
153,25.1,www.taylorstitch.com,logan-popover-in-blue-sky-plaid-2601,The Logan Popover in Blue Sky Plaid,Taylor Stitch,Wovens,81.00,,,False,2026-01-30,,,0.0,0.0,20.0,5.1,0.0,https://www.taylorstitch.com/products/logan-popover-in-blue-sky-plaid-2601,https://cdn.shopify.com/s/files/1/0070/1922/files/logan-popover-in-blue-sky-plaid-2601_001.jpg?v=1790611778
154,24.9,www.taylorstitch.com,hawthorne-shirt-in-asphalt-2602,The Hawthorne Shirt in Asphalt,Taylor Stitch,Wovens,94.50,,,True,2026-02-18,,,0.0,0.0,19.0,5.9,0.0,https://www.taylorstitch.com/products/hawthorne-shirt-in-asphalt-2602,https://cdn.shopify.com/s/files/1/0070/1922/files/hawthorne-shirt-in-asphalt-2602_001.jpg?v=1790611570
155,24.9,www.taylorstitch.com,hawthorne-shirt-in-surf-green-2602,The Hawthorne Shirt in Surf Green,Taylor Stitch,Wovens,94.50,,,False,2026-02-18,,,0.0,0.0,19.0,5.9,0.0,https://www.taylorstitch.com/products/hawthorne-shirt-in-surf-green-2602,https://cdn.shopify.com/s/files/1/0070/1922/files/hawthorne-shirt-in-surf-green-2602_001.jpg?v=1790611587
156,24.9,www.taylorstitch.com,jack-in-bay-leaf-houndstooth-2609,The Jack in Bay Leaf Houndstooth,Taylor Stitch,Wovens,135.00,,,True,2026-09-07,,,0.0,0.0,10.0,14.9,0.0,https://www.taylorstitch.com/products/jack-in-bay-leaf-houndstooth-2609,https://cdn.shopify.com/s/files/1/0070/1922/files/Q326_the-jack-bay-leaf-houndstooth_pdp_01_b8a9c155-615f-41e4-a78b-44e55b7dc51b.jpg?v=1790614225
157,24.9,www.taylorstitch.com,jack-in-spruce-houndstooth-2609,The Jack in Spruce Houndstooth,Taylor Stitch,Wovens,135.00,,,True,2026-09-07,,,0.0,0.0,10.0,14.9,0.0,https://www.taylorstitch.com/products/jack-in-spruce-houndstooth-2609,https://cdn.shopify.com/s/files/1/0070/1922/files/Q326_the-jack-spruce-houndstooth_pdp_01.jpg?v=1790614181
158,24.9,www.taylorstitch.com,jack-in-timber-houndstooth-2310,The Jack in Timber Houndstooth,Taylor Stitch,Wovens,135.00,,,True,2026-09-07,,,0.0,0.0,10.0,14.9,0.0,https://www.taylorstitch.com/products/jack-in-timber-houndstooth-2310,https://cdn.shopify.com/s/files/1/0070/1922/files/Q326_the-jack-timber-houndstooth_pdp_01_1ac5a98a-c94b-47cc-b65a-48a47eb1a3b0.jpg?v=1790616032
159,24.7,www.taylorstitch.com,jack-in-daybreak-stripe-oxford-2607,The Jack in Daybreak Stripe Oxford,Taylor Stitch,Wovens,128.00,,,True,2026-07-30,,,0.0,0.0,11.6,13.2,0.0,https://www.taylorstitch.com/products/jack-in-daybreak-stripe-oxford-2607,https://cdn.shopify.com/s/files/1/0070/1922/files/jack-in-daybreak-stripe-oxford-2607_001.jpg?v=1790611637
160,24.7,www.taylorstitch.com,rugby-shirt-in-dark-forest-stripe-2609,The Rugby Shirt in Dark Forest Stripe,Taylor Stitch,Knits,128.00,,,True,2026-07-30,,,0.0,0.0,11.6,13.2,0.0,https://www.taylorstitch.com/products/rugby-shirt-in-dark-forest-stripe-2609,https://cdn.shopify.com/s/files/1/0070/1922/files/rugby-shirt-in-dark-forest-stripe-2609_001.jpg?v=1790612066
161,24.7,www.taylorstitch.com,apres-short-in-burgundy-hemp-2605,The Apres Short in Burgundy Hemp,Taylor Stitch,Bottoms,108.00,,,True,2026-04-21,,,0.0,0.0,16.0,8.7,0.0,https://www.taylorstitch.com/products/apres-short-in-burgundy-hemp-2605,https://cdn.shopify.com/s/files/1/0070/1922/files/apres-short-in-burgundy-hemp-2605_001.jpg?v=1790611031
162,24.6,www.taylorstitch.com,crawford-beanie-in-deep-sea-twist-2601,The Crawford Beanie in Deep Sea Twist,Taylor Stitch,Accessories,58.00,,,True,2026-01-20,,,0.0,0.0,20.0,4.6,0.0,https://www.taylorstitch.com/products/crawford-beanie-in-deep-sea-twist-2601,https://cdn.shopify.com/s/files/1/0070/1922/files/crawford-beanie-in-deep-sea-twist-2601_001.jpg?v=1790611295
163,24.6,www.taylorstitch.com,crawford-beanie-in-navy-2601,The Crawford Beanie in Navy,Taylor Stitch,Accessories,58.00,,,True,2026-01-20,,,0.0,0.0,20.0,4.6,0.0,https://www.taylorstitch.com/products/crawford-beanie-in-navy-2601,https://cdn.shopify.com/s/files/1/0070/1922/files/crawford-beanie-in-navy-2601_001.jpg?v=1790611296
164,24.5,www.taylorstitch.com,jack-in-smoked-olive-oxford-2601,The Jack in Smoked Olive Oxford,Taylor Stitch,Wovens,128.00,,,True,2026-07-24,,,0.0,0.0,11.6,12.9,0.0,https://www.taylorstitch.com/products/jack-in-smoked-olive-oxford-2601,
165,24.4,www.taylorstitch.com,organic-cotton-crew-in-deep-sea-waffle-2601,The Organic Cotton Crew in Deep Sea Waffle,Taylor Stitch,Knits,59.50,,,True,2026-01-16,,,0.0,0.0,20.0,4.4,0.0,https://www.taylorstitch.com/products/organic-cotton-crew-in-deep-sea-waffle-2601,https://cdn.shopify.com/s/files/1/0070/1922/files/organic-cotton-crew-in-deep-sea-waffle-2601_001.jpg?v=1790611928
166,24.4,www.taylorstitch.com,sunset-henley-in-washed-goldfinch-terry-2607,The Sunset Henley in Washed Goldfinch Terry,Taylor Stitch,Knits,128.00,,,True,2026-07-22,,,0.0,0.0,11.6,12.8,0.0,https://www.taylorstitch.com/products/sunset-henley-in-washed-goldfinch-terry-2607,https://cdn.shopify.com/s/files/1/0070/1922/files/sunset-henley-in-washed-goldfinch-terry-2607_001.jpg?v=1790612313
167,24.4,www.taylorstitch.com,sunset-henley-in-washed-indigo-terry-2607,The Sunset Henley in Washed Indigo Terry,Taylor Stitch,Knits,128.00,,,True,2026-07-22,,,0.0,0.0,11.6,12.8,0.0,https://www.taylorstitch.com/products/sunset-henley-in-washed-indigo-terry-2607,https://cdn.shopify.com/s/files/1/0070/1922/files/sunset-henley-in-washed-indigo-terry-2607_001.jpg?v=1790612317
168,24.3,www.taylorstitch.com,jack-in-fern-twist-waffle-2610,The Jack in Fern Twist Waffle,Taylor Stitch,Wovens,138.00,,,True,2026-10-07,,,0.0,0.0,9.3,15.0,0.0,https://www.taylorstitch.com/products/jack-in-fern-twist-waffle-2610,https://cdn.shopify.com/s/files/1/0070/1922/files/Q426_TheJack-FernTwistWaffle_PDP_001.jpg?v=1790785252
169,24.3,www.taylorstitch.com,jack-in-saffron-waffle-2610,The Jack in Saffron Waffle,Taylor Stitch,Wovens,138.00,,,True,2026-10-07,,,0.0,0.0,9.3,15.0,0.0,https://www.taylorstitch.com/products/jack-in-saffron-waffle-2610,https://cdn.shopify.com/s/files/1/0070/1922/files/Q426_TheJack-SaffronWaffle_PDP_001.jpg?v=1790787566
170,24.3,www.taylorstitch.com,jack-in-valley-plaid-waffle-2610,The Jack in Valley Plaid Waffle,Taylor Stitch,Wovens,138.00,,,True,2026-10-07,,,0.0,0.0,9.3,15.0,0.0,https://www.taylorstitch.com/products/jack-in-valley-plaid-waffle-2610,https://cdn.shopify.com/s/files/1/0070/1922/files/Q426_TheJack-ValleyPlaidWaffle_PDP_001.jpg?v=1790787043
171,24.3,www.taylorstitch.com,yosemite-shirt-in-buckeye-plaid-2610,The Yosemite Shirt in Buckeye Plaid,Taylor Stitch,Wovens,138.00,,,True,2026-10-03,,,0.0,0.0,9.3,15.0,0.0,https://www.taylorstitch.com/products/yosemite-shirt-in-buckeye-plaid-2610,https://cdn.shopify.com/s/files/1/0070/1922/files/instock_m_q426_The_Yosemite_Shirt_in_Buckeye_Plaid_portrait_001.jpg?v=1790893774
172,24.3,www.taylorstitch.com,yosemite-shirt-in-dried-plum-2610,The Yosemite Shirt in Dried Plum,Taylor Stitch,Wovens,138.00,,,True,2026-10-03,,,0.0,0.0,9.3,15.0,0.0,https://www.taylorstitch.com/products/yosemite-shirt-in-dried-plum-2610,https://cdn.shopify.com/s/files/1/0070/1922/files/instock_m_q426_The_Yosemite_Shirt_in_Dried_Plum_portrait_001.jpg?v=1790894115
173,24.3,www.taylorstitch.com,yosemite-shirt-in-saffron-2610,The Yosemite Shirt in Saffron,Taylor Stitch,Wovens,138.00,,,True,2026-10-03,,,0.0,0.0,9.3,15.0,0.0,https://www.taylorstitch.com/products/yosemite-shirt-in-saffron-2610,https://cdn.shopify.com/s/files/1/0070/1922/files/instock_m_q426_The_Yosemite_Shirt_in_Saffron_portrait_001.jpg?v=1790894162
174,24.2,www.taylorstitch.com,slub-tee-in-smoked-olive-2601,The Slub Tee in Smoked Olive,Taylor Stitch,Knits,42.00,,,True,2026-01-10,,,0.0,0.0,20.0,4.2,0.0,https://www.taylorstitch.com/products/slub-tee-in-smoked-olive-2601,https://cdn.shopify.com/s/files/1/0070/1922/files/slub-tee-in-smoked-olive-2601_001.jpg?v=1790612244
175,24.2,www.taylorstitch.com,slub-tee-in-white-2601,The Slub Tee in White,Taylor Stitch,Knits,60.00,,,True,2026-01-10,,,0.0,0.0,20.0,4.2,0.0,https://www.taylorstitch.com/products/slub-tee-in-white-2601,https://cdn.shopify.com/s/files/1/0070/1922/files/slub-tee-in-white-2601_001.jpg?v=1790612247
176,24.1,www.taylorstitch.com,tiller-half-zip-in-rinsed-indigo-slub-2607,The Tiller Half Zip in Rinsed Indigo Slub,Taylor Stitch,Knits,138.00,,,True,2026-09-04,,,0.0,0.0,9.3,14.8,0.0,https://www.taylorstitch.com/products/tiller-half-zip-in-rinsed-indigo-slub-2607,https://cdn.shopify.com/s/files/1/0070/1922/files/tiller-half-zip-in-rinsed-indigo-slub-2607_001.jpg?v=1790612383
177,24.1,www.taylorstitch.com,apres-short-in-organic-aged-stone-foundation-twill-2402,The Apres Short in Organic Aged Stone Foundation Twill,Taylor Stitch,Bottoms,108.00,,,True,2026-04-07,,,0.0,0.0,16.0,8.1,0.0,https://www.taylorstitch.com/products/apres-short-in-organic-aged-stone-foundation-twill-2402,https://cdn.shopify.com/s/files/1/0070/1922/files/apres-short-in-organic-aged-stone-foundation-twill-2402_001.jpg?v=1790611047
178,24.0,www.taylorstitch.com,foundry-shirt-in-brick-chambray-2602,The Foundry Shirt in Brick Chambray,Taylor Stitch,Wovens,96.60,,,False,2026-02-09,,,0.0,0.0,18.5,5.5,0.0,https://www.taylorstitch.com/products/foundry-shirt-in-brick-chambray-2602,https://cdn.shopify.com/s/files/1/0070/1922/files/foundry-shirt-in-brick-chambray-2602_001.jpg?v=1790611537
179,23.9,www.taylorstitch.com,jack-in-charcoal-twist-waffle-2602,The Jack in Charcoal Twist Waffle,Taylor Stitch,Wovens,96.60,,,True,2026-02-06,,,0.0,0.0,18.5,5.4,0.0,https://www.taylorstitch.com/products/jack-in-charcoal-twist-waffle-2602,https://cdn.shopify.com/s/files/1/0070/1922/files/jack-in-charcoal-twist-waffle-2602_001.jpg?v=1790611618
180,23.8,www.taylorstitch.com,rugby-shirt-in-ivy-2601,The Rugby Shirt in Ivy,Taylor Stitch,Knits,89.60,,,False,2026-01-01,,,0.0,0.0,20.0,3.8,0.0,https://www.taylorstitch.com/products/rugby-shirt-in-ivy-2601,https://cdn.shopify.com/s/files/1/0070/1922/files/rugby-shirt-in-ivy-2601_001.jpg?v=1790612070
181,23.6,www.taylorstitch.com,craftsman-shirt-in-blue-sky-check-2602,The Craftsman Shirt in Blue Sky Check,Taylor Stitch,Wovens,101.50,,,False,2026-02-24,,,0.0,0.0,17.4,6.2,0.0,https://www.taylorstitch.com/products/craftsman-shirt-in-blue-sky-check-2602,https://cdn.shopify.com/s/files/1/0070/1922/files/craftsman-shirt-in-blue-sky-check-2602_001.jpg?v=1790611271
182,23.5,www.taylorstitch.com,quincy-shirt-in-bay-stripe-2607,The Quincy Shirt in Bay Stripe,Taylor Stitch,Wovens,138.00,,,True,2026-08-21,,,0.0,0.0,9.3,14.1,0.0,https://www.taylorstitch.com/products/quincy-shirt-in-bay-stripe-2607,https://cdn.shopify.com/s/files/1/0070/1922/files/quincy-shirt-in-bay-stripe-2607_001_7d93b112-bb6c-4042-b599-8bc4fa7b9e1c.jpg?v=1790621662
183,23.5,www.taylorstitch.com,schooner-tote-in-seeded-natural-chipped-canvas-2602,The Schooner Tote in Seeded Natural Chipped Canvas,Taylor Stitch,Accessories,98.00,,,True,2026-02-03,,,0.0,0.0,18.2,5.2,0.0,https://www.taylorstitch.com/products/schooner-tote-in-seeded-natural-chipped-canvas-2602,https://cdn.shopify.com/s/files/1/0070/1922/files/schooner-tote-in-seeded-natural-chipped-canvas-2602_001.jpg?v=1790612084
184,23.4,www.taylorstitch.com,division-shirt-in-black-cherry-2610,The Division Shirt in Black Cherry,Taylor Stitch,Wovens,142.00,,,True,2026-10-01,,,0.0,0.0,8.4,15.0,0.0,https://www.taylorstitch.com/products/division-shirt-in-black-cherry-2610,https://cdn.shopify.com/s/files/1/0070/1922/files/Q426_The_Division_Shirt_in_Black_Cherry_PDP_001_607fd2bd-a061-49d4-9788-8c31f3b7612c.jpg?v=1790891842
185,23.4,www.taylorstitch.com,breakwater-pant-in-cypress-sashiko-2607,The Breakwater Pant in Cypress Sashiko,Taylor Stitch,Bottoms,128.00,,,True,2026-06-30,,,0.0,0.0,11.6,11.8,0.0,https://www.taylorstitch.com/products/breakwater-pant-in-cypress-sashiko-2607,https://cdn.shopify.com/s/files/1/0070/1922/files/breakwater-pant-in-cypress-sashiko-2607_001.jpg?v=1790611105
186,23.0,www.taylorstitch.com,shop-hoodie-in-ivy-french-terry-2602,The Shop Hoodie in Ivy French Terry,Taylor Stitch,Knits,101.50,,,False,2026-02-11,,,0.0,0.0,17.4,5.6,0.0,https://www.taylorstitch.com/products/shop-hoodie-in-ivy-french-terry-2602,https://cdn.shopify.com/s/files/1/0070/1922/files/shop-hoodie-in-ivy-french-terry-2602_001.jpg?v=1790612098
187,23.0,www.taylorstitch.com,jack-in-marine-stripe-2601,The Jack in Marine Stripe,Taylor Stitch,Wovens,94.50,,,False,2026-01-07,,,0.0,0.0,19.0,4.0,0.0,https://www.taylorstitch.com/products/jack-in-marine-stripe-2601,https://cdn.shopify.com/s/files/1/0070/1922/files/jack-in-marine-stripe-2601_001.jpg?v=1790611660
188,23.0,www.taylorstitch.com,jack-in-steel-jaspe-check-2601,The Jack in Steel Jaspe Check,Taylor Stitch,Wovens,94.50,,,False,2026-01-07,,,0.0,0.0,19.0,4.0,0.0,https://www.taylorstitch.com/products/jack-in-steel-jaspe-check-2601,https://cdn.shopify.com/s/files/1/0070/1922/files/jack-in-steel-jaspe-check-2601_001.jpg?v=1790611720
189,22.9,www.taylorstitch.com,apres-short-in-heather-oat-crepe-2603,The Apres Short in Heather Oat Crepe,Taylor Stitch,Bottoms,108.00,,,True,2026-03-11,,,0.0,0.0,16.0,6.9,0.0,https://www.taylorstitch.com/products/apres-short-in-heather-oat-crepe-2603,https://cdn.shopify.com/s/files/1/0070/1922/files/apres-short-in-heather-oat-crepe-2603_001.jpg?v=1790611043
190,22.8,www.taylorstitch.com,breakwater-pant-in-field-khaki-ripstop-2609,The Breakwater Pant in Field Khaki Ripstop,Taylor Stitch,Bottoms,142.00,,,True,2026-08-26,,,0.0,0.0,8.4,14.4,0.0,https://www.taylorstitch.com/products/breakwater-pant-in-field-khaki-ripstop-2609,https://cdn.shopify.com/s/files/1/0070/1922/files/breakwater-pant-in-field-khaki-ripstop-2609_001.jpg?v=1790611111
191,22.7,www.taylorstitch.com,division-shirt-in-black-indigo-2607,The Division Shirt in Black Indigo,Taylor Stitch,Wovens,142.00,,,True,2026-08-24,,,0.0,0.0,8.4,14.3,0.0,https://www.taylorstitch.com/products/division-shirt-in-black-indigo-2607,https://cdn.shopify.com/s/files/1/0070/1922/files/division-shirt-in-black-indigo-2607_001.jpg?v=1790614273
192,22.7,www.taylorstitch.com,division-shirt-in-cypress-2608,The Division Shirt in Cypress,Taylor Stitch,Wovens,142.00,,,True,2026-08-24,,,0.0,0.0,8.4,14.3,0.0,https://www.taylorstitch.com/products/division-shirt-in-cypress-2608,https://cdn.shopify.com/s/files/1/0070/1922/files/division-shirt-in-cypress-2608_001.jpg?v=1790611425
193,22.6,www.taylorstitch.com,button-down-polo-in-dark-navy-crochet-2603,The Button Down Polo in Dark Navy Crochet,Taylor Stitch,Knits,110.60,,,False,2026-03-18,,,0.0,0.0,15.4,7.2,0.0,https://www.taylorstitch.com/products/button-down-polo-in-dark-navy-crochet-2603,https://cdn.shopify.com/s/files/1/0070/1922/files/button-down-polo-in-dark-navy-crochet-2603_001.jpg?v=1790611137
194,22.6,www.taylorstitch.com,button-down-polo-in-heather-oat-crochet-2603,The Button Down Polo in Heather Oat Crochet,Taylor Stitch,Knits,110.60,,,False,2026-03-18,,,0.0,0.0,15.4,7.2,0.0,https://www.taylorstitch.com/products/button-down-polo-in-heather-oat-crochet-2603,https://cdn.shopify.com/s/files/1/0070/1922/files/button-down-polo-in-heather-oat-crochet-2603_001.jpg?v=1790611144
195,22.6,www.taylorstitch.com,apres-pant-in-cypress-sashiko-2207,The Apres Pant in Cypress Sashiko,Taylor Stitch,Bottoms,128.00,,,True,2026-06-12,,,0.0,0.0,11.6,11.0,0.0,https://www.taylorstitch.com/products/apres-pant-in-cypress-sashiko-2207,https://cdn.shopify.com/s/files/1/0070/1922/products/6719026528333_apres-pant-in-cypress-sashiko-2207_01_tsio.jpg?v=1762270235
196,22.5,www.taylorstitch.com,deck-pant-in-dark-navy-bedford-cord-2512,The Deck Pant in Dark Navy Bedford Cord,Taylor Stitch,Bottoms,88.80,,,True,2025-12-04,,,0.0,0.0,20.0,2.5,0.0,https://www.taylorstitch.com/products/deck-pant-in-dark-navy-bedford-cord-2512,https://cdn.shopify.com/s/files/1/0070/1922/files/instock_m_q425_The_Deck_Pant-DarkNavyBedfordCord_portrait_001.jpg?v=1764707456
197,22.5,www.taylorstitch.com,quincy-shirt-in-vintage-white-slub-2607,The Quincy Shirt in Vintage White Slub,Taylor Stitch,Wovens,138.00,,,True,2026-07-30,,,0.0,0.0,9.3,13.2,0.0,https://www.taylorstitch.com/products/quincy-shirt-in-vintage-white-slub-2607,https://cdn.shopify.com/s/files/1/0070/1922/files/quincy-shirt-in-vintage-white-slub-2607_001.jpg?v=1790612042
198,22.4,www.taylorstitch.com,jack-in-indigo-check-linen-2512,The Jack in Indigo Check Linen,Taylor Stitch,Wovens,81.00,,,False,2025-12-02,,,0.0,0.0,20.0,2.4,0.0,https://www.taylorstitch.com/products/jack-in-indigo-check-linen-2512,https://cdn.shopify.com/s/files/1/0070/1922/files/instock_m_q425_The_Jack-IndigoCheckLinen_portrait_001.jpg?v=1764375056
199,22.4,www.taylorstitch.com,jack-in-indigo-micro-check-oxford-2510,The Jack in Indigo Micro Check Oxford,Taylor Stitch,Wovens,79.20,,,False,2025-12-02,,,0.0,0.0,20.0,2.4,0.0,https://www.taylorstitch.com/products/jack-in-indigo-micro-check-oxford-2510,https://cdn.shopify.com/s/files/1/0070/1922/files/jack-in-indigo-micro-check-oxford-2510_001.jpg?v=1790611650
200,22.4,www.taylorstitch.com,yosemite-in-carolina-geo-2608,The Yosemite Shirt in Carolina Geo,Taylor Stitch,Wovens,138.00,,,True,2026-07-28,,,0.0,0.0,9.3,13.1,0.0,https://www.taylorstitch.com/products/yosemite-in-carolina-geo-2608,https://cdn.shopify.com/s/files/1/0070/1922/files/yosemite-in-carolina-geo-2608_001.jpg?v=1790612438
201,22.4,www.taylorstitch.com,yosemite-in-delaware-plaid-2608,The Yosemite Shirt in Delaware Plaid,Taylor Stitch,Wovens,138.00,,,True,2026-07-28,,,0.0,0.0,9.3,13.1,0.0,https://www.taylorstitch.com/products/yosemite-in-delaware-plaid-2608,https://cdn.shopify.com/s/files/1/0070/1922/files/yosemite-in-delaware-plaid-2608_001.jpg?v=1790612442
202,22.4,www.taylorstitch.com,yosemite-in-lichen-donegal-2608,The Yosemite Shirt in Lichen Donegal,Taylor Stitch,Wovens,138.00,,,False,2026-07-28,,,0.0,0.0,9.3,13.1,0.0,https://www.taylorstitch.com/products/yosemite-in-lichen-donegal-2608,https://cdn.shopify.com/s/files/1/0070/1922/files/yosemite-in-lichen-donegal-2608_001.jpg?v=1790612445
203,22.4,www.taylorstitch.com,yosemite-in-mist-donegal-2608,The Yosemite Shirt in Mist Donegal,Taylor Stitch,Wovens,138.00,,,True,2026-07-28,,,0.0,0.0,9.3,13.1,0.0,https://www.taylorstitch.com/products/yosemite-in-mist-donegal-2608,https://cdn.shopify.com/s/files/1/0070/1922/files/yosemite-in-mist-donegal-2608_001.jpg?v=1790612449
204,22.4,www.taylorstitch.com,yosemite-in-washington-plaid-2608,The Yosemite Shirt in Washington Plaid,Taylor Stitch,Wovens,138.00,,,True,2026-07-28,,,0.0,0.0,9.3,13.1,0.0,https://www.taylorstitch.com/products/yosemite-in-washington-plaid-2608,https://cdn.shopify.com/s/files/1/0070/1922/files/yosemite-in-washington-plaid-2608_001.jpg?v=1790612453
205,22.3,www.taylorstitch.com,apres-short-in-organic-espresso-foundation-twill-2602,The Apres Short in Organic Espresso Foundation Twill,Taylor Stitch,Bottoms,108.00,,,True,2026-02-26,,,0.0,0.0,16.0,6.3,0.0,https://www.taylorstitch.com/products/apres-short-in-organic-espresso-foundation-twill-2602,https://cdn.shopify.com/s/files/1/0070/1922/files/apres-short-in-organic-espresso-foundation-twill-2602_001.jpg?v=1790611054
206,22.3,www.taylorstitch.com,apres-short-in-organic-faded-black-foundation-twill-2602,The Apres Short in Organic Faded Black Foundation Twill,Taylor Stitch,Bottoms,108.00,,,True,2026-02-26,,,0.0,0.0,16.0,6.3,0.0,https://www.taylorstitch.com/products/apres-short-in-organic-faded-black-foundation-twill-2602,https://cdn.shopify.com/s/files/1/0070/1922/files/apres-short-in-organic-faded-black-foundation-twill-2602_001.jpg?v=1790611057
207,22.2,www.taylorstitch.com,california-shirt-in-black-cherry-gingham-2607,The California Shirt in Black Cherry Gingham,Taylor Stitch,Wovens,135.00,,,True,2026-07-08,,,0.0,0.0,10.0,12.2,0.0,https://www.taylorstitch.com/products/california-shirt-in-black-cherry-gingham-2607,https://cdn.shopify.com/s/files/1/0070/1922/files/california-shirt-in-black-cherry-gingham-2607_001.jpg?v=1790611157
208,22.2,www.taylorstitch.com,california-shirt-in-breaker-gingham-2607,The California Shirt in Breaker Gingham,Taylor Stitch,Wovens,135.00,,,True,2026-07-08,,,0.0,0.0,10.0,12.2,0.0,https://www.taylorstitch.com/products/california-shirt-in-breaker-gingham-2607,https://cdn.shopify.com/s/files/1/0070/1922/files/california-shirt-in-breaker-gingham-2607_001.jpg?v=1790611160
209,22.1,www.taylorstitch.com,drift-boardshort-in-ivory-floral-2604,The Drift Board Short in Ivory Floral,Taylor Stitch,Bottoms,118.00,,,False,2026-04-13,,,0.0,0.0,13.8,8.3,0.0,https://www.taylorstitch.com/products/drift-boardshort-in-ivory-floral-2604,https://cdn.shopify.com/s/files/1/0070/1922/files/drift-boardshort-in-ivory-floral-2604_001.jpg?v=1790611448
210,22.1,www.taylorstitch.com,ledge-shirt-in-dark-navy-twill-2510,The Ledge Shirt in Dark Navy Twill,Taylor Stitch,Wovens,88.80,,,False,2025-11-24,,,0.0,0.0,20.0,2.1,0.0,https://www.taylorstitch.com/products/ledge-shirt-in-dark-navy-twill-2510,https://cdn.shopify.com/s/files/1/0070/1922/files/instock_m_q425_The_Ledge_Shirt-DarkNavyTwill_portrait_001.jpg?v=1763485676
211,22.1,www.taylorstitch.com,ledge-shirt-in-dried-cherry-twill-2510,The Ledge Shirt in Dried Cherry Twill,Taylor Stitch,Wovens,88.80,,,False,2025-11-24,,,0.0,0.0,20.0,2.1,0.0,https://www.taylorstitch.com/products/ledge-shirt-in-dried-cherry-twill-2510,https://cdn.shopify.com/s/files/1/0070/1922/files/instock_m_q425_Ledge_Shirt-DriedCherryTwill_portrait_001.jpg?v=1763484870
212,21.8,www.taylorstitch.com,jack-in-ginger-herringbone-2511,The Jack in Ginger Herringbone,Taylor Stitch,Wovens,81.00,,,False,2025-11-19,,,0.0,0.0,20.0,1.8,0.0,https://www.taylorstitch.com/products/jack-in-ginger-herringbone-2511,https://cdn.shopify.com/s/files/1/0070/1922/files/instock_m_q425_The_Jack-HeatherGingerHerringbone_portrait_001.jpg?v=1763400567
213,21.8,www.taylorstitch.com,jack-in-sand-herringbone-2511,The Jack in Sand Herringbone,Taylor Stitch,Wovens,81.00,,,False,2025-11-19,,,0.0,0.0,20.0,1.8,0.0,https://www.taylorstitch.com/products/jack-in-sand-herringbone-2511,https://cdn.shopify.com/s/files/1/0070/1922/files/instock_m_q425_The_Jack-SandHerringbone_portrait_001.jpg?v=1763401726
214,21.8,www.taylorstitch.com,newton-sweater-polo-in-heather-clear-blue-2602,The Newton Sweater Polo in Heather Clear Blue,Taylor Stitch,Knits,106.80,,,False,2026-02-10,,,0.0,0.0,16.3,5.6,0.0,https://www.taylorstitch.com/products/newton-sweater-polo-in-heather-clear-blue-2602,https://cdn.shopify.com/s/files/1/0070/1922/files/newton-sweater-polo-in-heather-clear-blue-2602_001.jpg?v=1790611886
215,21.8,www.taylorstitch.com,newton-sweater-polo-in-heather-oatmeal-2602,The Newton Sweater Polo in Heather Oatmeal,Taylor Stitch,Knits,106.80,,,False,2026-02-10,,,0.0,0.0,16.3,5.6,0.0,https://www.taylorstitch.com/products/newton-sweater-polo-in-heather-oatmeal-2602,https://cdn.shopify.com/s/files/1/0070/1922/files/newton-sweater-polo-in-heather-oatmeal-2602_001.jpg?v=1790611890
216,21.8,www.taylorstitch.com,craftsman-shirt-in-brick-plaid-2511,The Craftsman Shirt in Brick Plaid,Taylor Stitch,Wovens,72.50,,,False,2025-11-18,,,0.0,0.0,20.0,1.8,0.0,https://www.taylorstitch.com/products/craftsman-shirt-in-brick-plaid-2511,https://cdn.shopify.com/s/files/1/0070/1922/files/craftsman-shirt-in-brick-plaid-2511_001.jpg?v=1790611274
217,21.8,www.taylorstitch.com,craftsman-shirt-in-fern-plaid-2511,The Craftsman Shirt in Fern Plaid,Taylor Stitch,Wovens,72.50,,,False,2025-11-18,,,0.0,0.0,20.0,1.8,0.0,https://www.taylorstitch.com/products/craftsman-shirt-in-fern-plaid-2511,https://cdn.shopify.com/s/files/1/0070/1922/files/craftsman-shirt-in-fern-plaid-2511_001.jpg?v=1790611278
218,21.8,www.taylorstitch.com,shop-hoodie-in-dried-cherry-2511,The Shop Hoodie in Dried Cherry,Taylor Stitch,Knits,87.00,,,False,2025-11-18,,,0.0,0.0,20.0,1.8,0.0,https://www.taylorstitch.com/products/shop-hoodie-in-dried-cherry-2511,https://cdn.shopify.com/s/files/1/0070/1922/files/instock_m_q425_The_Shop_Hoodie-DriedCherry__portrait_001.jpg?v=1763153867
219,21.8,www.taylorstitch.com,shop-hoodie-in-faded-black-2511,The Shop Hoodie in Faded Black,Taylor Stitch,Knits,87.00,,,False,2025-11-18,,,0.0,0.0,20.0,1.8,0.0,https://www.taylorstitch.com/products/shop-hoodie-in-faded-black-2511,https://cdn.shopify.com/s/files/1/0070/1922/files/shop-hoodie-in-faded-black-2511_001.jpg?v=1790612095
220,21.6,www.taylorstitch.com,breakwater-pant-in-dark-grey-ripstop-2609,The Breakwater Pant in Dark Grey Ripstop,Taylor Stitch,Bottoms,142.00,,,True,2026-07-30,,,0.0,0.0,8.4,13.2,0.0,https://www.taylorstitch.com/products/breakwater-pant-in-dark-grey-ripstop-2609,https://cdn.shopify.com/s/files/1/0070/1922/files/breakwater-pant-in-dark-grey-ripstop-2609_001.jpg?v=1790611108
221,21.5,www.taylorstitch.com,long-sleeve-shop-tee-in-army-twist-2511,The Long Sleeve Shop Tee in Army Twist,Taylor Stitch,Knits,80.00,,,True,2025-11-12,,,0.0,0.0,20.0,1.5,0.0,https://www.taylorstitch.com/products/long-sleeve-shop-tee-in-army-twist-2511,https://cdn.shopify.com/s/files/1/0070/1922/files/long-sleeve-shop-tee-in-army-twist.jpg?v=1790619005
222,21.5,www.taylorstitch.com,long-sleeve-shop-tee-in-coal-twist-2511,The Long Sleeve Shop Tee in Coal Twist,Taylor Stitch,Knits,80.00,,,True,2025-11-12,,,0.0,0.0,20.0,1.5,0.0,https://www.taylorstitch.com/products/long-sleeve-shop-tee-in-coal-twist-2511,https://cdn.shopify.com/s/files/1/0070/1922/files/long-sleeve-shop-tee-in-coal-twist.jpg?v=1790618929
223,21.5,www.taylorstitch.com,long-sleeve-shop-tee-in-oat-twist-2511,The Long Sleeve Shop Tee in Oat Twist,Taylor Stitch,Knits,80.00,,,True,2025-11-12,,,0.0,0.0,20.0,1.5,0.0,https://www.taylorstitch.com/products/long-sleeve-shop-tee-in-oat-twist-2511,https://cdn.shopify.com/s/files/1/0070/1922/files/long-sleeve-shop-tee-in-oat-twist.jpg?v=1790618951
224,21.4,www.taylorstitch.com,jack-in-rinsed-indigo-stripe-chambray-2512,The Jack in Rinsed Indigo Stripe Chambray,Taylor Stitch,Wovens,94.50,,,True,2025-12-02,,,0.0,0.0,19.0,2.4,0.0,https://www.taylorstitch.com/products/jack-in-rinsed-indigo-stripe-chambray-2512,https://cdn.shopify.com/s/files/1/0070/1922/files/jack-in-rinsed-indigo-stripe-chambray-2512_001.jpg?v=1790611695
225,21.4,www.taylorstitch.com,crater-shirt-in-brick-plaid-2509,The Crater Shirt in Brick Plaid,Taylor Stitch,Wovens,148.00,,,True,2026-08-24,,,0.0,0.0,7.1,14.3,0.0,https://www.taylorstitch.com/products/crater-shirt-in-brick-plaid-2509,https://cdn.shopify.com/s/files/1/0070/1922/files/crater-shirt-in-brick-plaid-2509_001.jpg?v=1790611281
226,21.3,www.taylorstitch.com,cadet-shirt-in-washed-indigo-oxford-2601,The Cadet Shirt in Washed Indigo Oxford,Taylor Stitch,Wovens,103.60,,,False,2026-01-13,,,0.0,0.0,17.0,4.3,0.0,https://www.taylorstitch.com/products/cadet-shirt-in-washed-indigo-oxford-2601,https://cdn.shopify.com/s/files/1/0070/1922/files/cadet-shirt-in-washed-indigo-oxford-2601_001.jpg?v=1790611154
227,21.3,www.taylorstitch.com,short-sleeve-jack-in-vintage-bloom-2605,The Short Sleeve Jack in Vintage Bloom,Taylor Stitch,Wovens,128.00,,,False,2026-05-14,,,0.0,0.0,11.6,9.7,0.0,https://www.taylorstitch.com/products/short-sleeve-jack-in-vintage-bloom-2605,https://cdn.shopify.com/s/files/1/0070/1922/files/short-sleeve-jack-in-vintage-bloom-2605_001.jpg?v=1790612187
228,21.2,www.taylorstitch.com,easy-pant-in-black-indigo-chambray-2601,The Easy Pant in Black Indigo Chambray,Taylor Stitch,Bottoms,103.60,,,False,2026-01-12,,,0.0,0.0,17.0,4.3,0.0,https://www.taylorstitch.com/products/easy-pant-in-black-indigo-chambray-2601,https://cdn.shopify.com/s/files/1/0070/1922/files/easy-pant-in-black-indigo-chambray-2601_001.jpg?v=1790611473
229,21.2,www.taylorstitch.com,easy-pant-in-washed-indigo-chambray-2601,The Easy Pant in Washed Indigo Chambray,Taylor Stitch,Bottoms,103.60,,,False,2026-01-12,,,0.0,0.0,17.0,4.3,0.0,https://www.taylorstitch.com/products/easy-pant-in-washed-indigo-chambray-2601,https://cdn.shopify.com/s/files/1/0070/1922/files/easy-pant-in-washed-indigo-chambray-2601_001.jpg?v=1790611477
230,21.2,www.taylorstitch.com,eastmoor-sweater-in-navy-fairisle-wool-2511,The Eastmoor Sweater in Navy Fair Isle Wool,Taylor Stitch,Knits,94.00,,,False,2025-11-25,,,0.0,0.0,19.1,2.1,0.0,https://www.taylorstitch.com/products/eastmoor-sweater-in-navy-fairisle-wool-2511,https://cdn.shopify.com/s/files/1/0070/1922/files/eastmoor-sweater-in-navy-fairisle-wool-2511_001.jpg?v=1790611468
231,21.1,www.taylorstitch.com,crater-shirt-in-headland-plaid-2609,The Crater Shirt in Headland Plaid,Taylor Stitch,Wovens,148.00,,,True,2026-08-18,,,0.0,0.0,7.1,14.0,0.0,https://www.taylorstitch.com/products/crater-shirt-in-headland-plaid-2609,https://cdn.shopify.com/s/files/1/0070/1922/files/crater-shirt-in-headland-plaid-2609_001.jpg?v=1790611288
232,21.1,www.taylorstitch.com,crater-shirt-in-woodland-plaid-2609,The Crater Shirt in Woodland Plaid,Taylor Stitch,Wovens,148.00,,,True,2026-08-18,,,0.0,0.0,7.1,14.0,0.0,https://www.taylorstitch.com/products/crater-shirt-in-woodland-plaid-2609,https://cdn.shopify.com/s/files/1/0070/1922/files/crater-shirt-in-woodland-plaid-2609_001.jpg?v=1790611292
233,21.0,www.taylorstitch.com,democratic-jean-in-light-wash-hemp-denim-2605,The Democratic Jean in Light Wash Hemp Denim,Taylor Stitch,Bottoms,124.60,,,True,2026-04-22,,,0.0,0.0,12.3,8.7,0.0,https://www.taylorstitch.com/products/democratic-jean-in-light-wash-hemp-denim-2605,https://cdn.shopify.com/s/files/1/0070/1922/files/democratic-jean-in-light-wash-hemp-denim-2605_001.jpg?v=1790611389
234,21.0,www.taylorstitch.com,jack-in-pine-heathered-pincord-2308,The Jack in Heather Pine Pincord,Taylor Stitch,Wovens,82.80,,,False,2025-10-31,,,0.0,0.0,20.0,1.0,0.0,https://www.taylorstitch.com/products/jack-in-pine-heathered-pincord-2308,https://cdn.shopify.com/s/files/1/0070/1922/files/instock_m_q425_The_Jack-HeatherPinePincord_portrait_001.jpg?v=1761842884
235,20.9,www.taylorstitch.com,ledge-shirt-in-atlantic-twill-2609,The Ledge Shirt in Atlantic Twill,Taylor Stitch,Wovens,148.00,,,True,2026-08-14,,,0.0,0.0,7.1,13.8,0.0,https://www.taylorstitch.com/products/ledge-shirt-in-atlantic-twill-2609,https://cdn.shopify.com/s/files/1/0070/1922/files/ledge-shirt-in-atlantic-twill-2609_001_203355f8-0585-409c-b9bc-42e9219aee5d.jpg?v=1790618448
236,20.9,www.taylorstitch.com,ledge-shirt-in-bay-leaf-twill-2609,The Ledge Shirt in Bay Leaf Twill,Taylor Stitch,Wovens,148.00,,,True,2026-08-14,,,0.0,0.0,7.1,13.8,0.0,https://www.taylorstitch.com/products/ledge-shirt-in-bay-leaf-twill-2609,https://cdn.shopify.com/s/files/1/0070/1922/files/ledge-shirt-in-bay-leaf-twill-2609_001_641a91d0-9fbd-477b-8ce1-c6cc2ceed46a.jpg?v=1790618475
237,20.9,www.taylorstitch.com,ledge-shirt-in-deep-sea-twill-2609,The Ledge Shirt in Deep Sea Twill,Taylor Stitch,Wovens,148.00,,,True,2026-08-14,,,0.0,0.0,7.1,13.8,0.0,https://www.taylorstitch.com/products/ledge-shirt-in-deep-sea-twill-2609,https://cdn.shopify.com/s/files/1/0070/1922/files/ledge-shirt-in-deep-sea-twill-2609_001_4a35664d-ac2d-43d8-819b-1fa4994342fd.jpg?v=1790618551
238,20.9,www.taylorstitch.com,fisherman-beanie-in-heather-army-2510,The Fisherman Beanie in Heather Army,Taylor Stitch,Accessories,40.80,,,False,2025-10-30,,,0.0,0.0,20.0,0.9,0.0,https://www.taylorstitch.com/products/fisherman-beanie-in-heather-army-2510,https://cdn.shopify.com/s/files/1/0070/1922/files/instock_m_q425_The_Fisherman_Beanie-HeatherArmyMerino_portrait_001.jpg?v=1761595519
239,20.9,www.taylorstitch.com,fisherman-beanie-in-heather-coal-2510,The Fisherman Beanie in Heather Coal,Taylor Stitch,Accessories,40.80,,,False,2025-10-30,,,0.0,0.0,20.0,0.9,0.0,https://www.taylorstitch.com/products/fisherman-beanie-in-heather-coal-2510,https://cdn.shopify.com/s/files/1/0070/1922/files/instock_m_q425_The_Fisherman_Beanie-HeatherCoalMerino_portrait_001.jpg?v=1761594786
240,20.9,www.taylorstitch.com,fisherman-beanie-in-heather-fog-2510,The Fisherman Beanie in Heather Fog,Taylor Stitch,Accessories,40.80,,,False,2025-10-30,,,0.0,0.0,20.0,0.9,0.0,https://www.taylorstitch.com/products/fisherman-beanie-in-heather-fog-2510,https://cdn.shopify.com/s/files/1/0070/1922/files/instock_m_q425_The_Fisherman_Beanie-HeatherFogMerino_portrait_001.jpg?v=1761595243
241,20.9,www.taylorstitch.com,jack-in-heather-burgundy-pincord-2511,The Jack in Heather Burgundy Pincord,Taylor Stitch,Wovens,82.80,,,False,2025-10-30,,,0.0,0.0,20.0,0.9,0.0,https://www.taylorstitch.com/products/jack-in-heather-burgundy-pincord-2511,https://cdn.shopify.com/s/files/1/0070/1922/files/instock_m_q425_productname_portrait_001.jpg?v=1761839667
242,20.9,www.taylorstitch.com,jack-in-heather-coal-check-pincord-2511,The Jack in Heather Coal Check Pincord,Taylor Stitch,Wovens,82.80,,,False,2025-10-30,,,0.0,0.0,20.0,0.9,0.0,https://www.taylorstitch.com/products/jack-in-heather-coal-check-pincord-2511,https://cdn.shopify.com/s/files/1/0070/1922/files/instock_m_q425_The_Jack-HeatherCoalCheckPincord_portrait_001.jpg?v=1761841398
243,20.7,www.taylorstitch.com,match-v-neck-sweater-in-sable-merino-slub-2601,The Match V-Neck Sweater in Sable Merino Slub,Taylor Stitch,Knits,109.00,,,False,2026-01-27,,,0.0,0.0,15.8,4.9,0.0,https://www.taylorstitch.com/products/match-v-neck-sweater-in-sable-merino-slub-2601,https://cdn.shopify.com/s/files/1/0070/1922/files/match-v-neck-sweater-in-sable-merino-slub-2601_001.jpg?v=1790611821
244,20.7,www.taylorstitch.com,eastmoor-sweater-in-heather-ivory-wool-2510,The Eastmoor Sweater in Heather Ivory Wool,Taylor Stitch,Knits,89.00,,,False,2025-10-24,,,0.0,0.0,20.0,0.7,0.0,https://www.taylorstitch.com/products/eastmoor-sweater-in-heather-ivory-wool-2510,https://cdn.shopify.com/s/files/1/0070/1922/files/eastmoor-sweater-in-heather-ivory-wool-2510_001.jpg?v=1790611466
245,20.7,www.taylorstitch.com,fireside-scarf-in-butterscotch-plaid-2510,The Fireside Scarf in Butterscotch Plaid,Taylor Stitch,Accessories,52.80,,,True,2025-10-24,,,0.0,0.0,20.0,0.7,0.0,https://www.taylorstitch.com/products/fireside-scarf-in-butterscotch-plaid-2510,https://cdn.shopify.com/s/files/1/0070/1922/files/instock_m_q425_The_Fireside_Scarf-ButterscotchPlaid_portrait_001.jpg?v=1761334244
246,20.7,www.taylorstitch.com,fireside-scarf-in-currant-plaid-2510,The Fireside Scarf in Currant Plaid,Taylor Stitch,Accessories,44.00,,,True,2025-10-24,,,0.0,0.0,20.0,0.7,0.0,https://www.taylorstitch.com/products/fireside-scarf-in-currant-plaid-2510,https://cdn.shopify.com/s/files/1/0070/1922/files/fireside-scarf-in-currant-plaid-2510_001.jpg?v=1790611487
247,20.7,www.taylorstitch.com,fireside-scarf-in-highland-navy-plaid-2510,The Fireside Scarf in Highland Navy Plaid,Taylor Stitch,Accessories,44.00,,,True,2025-10-24,,,0.0,0.0,20.0,0.7,0.0,https://www.taylorstitch.com/products/fireside-scarf-in-highland-navy-plaid-2510,https://cdn.shopify.com/s/files/1/0070/1922/files/fireside-scarf-in-highland-navy-plaid-2510_001.jpg?v=1790611489
248,20.7,www.taylorstitch.com,organic-cotton-long-sleeve-tee-in-faded-black-2510,The Organic Cotton Long Sleeve Tee in Faded Black,Taylor Stitch,Knits,70.00,,,True,2025-10-24,,,0.0,0.0,20.0,0.7,0.0,https://www.taylorstitch.com/products/organic-cotton-long-sleeve-tee-in-faded-black-2510,https://cdn.shopify.com/s/files/1/0070/1922/files/organic-cotton-long-sleeve-tee-in-faded-black-2510_001.jpg?v=1790611932
249,20.7,www.taylorstitch.com,organic-cotton-long-sleeve-tee-in-heather-oat-2510,The Organic Cotton Long Sleeve Tee in Heather Oat,Taylor Stitch,Knits,70.00,,,True,2025-10-24,,,0.0,0.0,20.0,0.7,0.0,https://www.taylorstitch.com/products/organic-cotton-long-sleeve-tee-in-heather-oat-2510,https://cdn.shopify.com/s/files/1/0070/1922/files/organic-cotton-long-sleeve-tee-in-heather-oat-2510_001.jpg?v=1790611934
250,20.7,www.taylorstitch.com,organic-cotton-long-sleeve-tee-in-navy-2510,The Organic Cotton Long Sleeve Tee in Navy,Taylor Stitch,Knits,70.00,,,True,2025-10-24,,,0.0,0.0,20.0,0.7,0.0,https://www.taylorstitch.com/products/organic-cotton-long-sleeve-tee-in-navy-2510,https://cdn.shopify.com/s/files/1/0070/1922/files/organic-cotton-long-sleeve-tee-in-navy-2510_001.jpg?v=1790611937
251,20.7,www.taylorstitch.com,organic-cotton-long-sleeve-tee-in-vintage-white-2510,The Organic Cotton Long Sleeve Tee in Vintage White,Taylor Stitch,Knits,70.00,,,True,2025-10-24,,,0.0,0.0,20.0,0.7,0.0,https://www.taylorstitch.com/products/organic-cotton-long-sleeve-tee-in-vintage-white-2510,https://cdn.shopify.com/s/files/1/0070/1922/files/organic-cotton-long-sleeve-tee-in-vintage-white-2510_001.jpg?v=1790611939
252,20.5,www.taylorstitch.com,emlen-pant-in-khaki-herringbone-2608,The Emlen Pant in Khaki Herringbone,Taylor Stitch,Bottoms,148.00,,,True,2026-08-04,,,0.0,0.0,7.1,13.4,0.0,https://www.taylorstitch.com/products/emlen-pant-in-khaki-herringbone-2608,https://cdn.shopify.com/s/files/1/0070/1922/files/emlen-pant-in-khaki-herringbone-2608_001.jpg?v=1790611481
253,20.5,www.taylorstitch.com,emlen-pant-in-smoked-olive-herringbone-2608,The Emlen Pant in Smoked Olive Herringbone,Taylor Stitch,Bottoms,148.00,,,True,2026-08-04,,,0.0,0.0,7.1,13.4,0.0,https://www.taylorstitch.com/products/emlen-pant-in-smoked-olive-herringbone-2608,https://cdn.shopify.com/s/files/1/0070/1922/files/emlen-pant-in-smoked-olive-herringbone-2608_001.jpg?v=1790611483
254,20.5,www.taylorstitch.com,organic-cotton-crew-in-summit-orange-waffle-2510,The Organic Cotton Crew in Summit Orange Waffle,Taylor Stitch,Knits,51.00,,,False,2025-10-20,,,0.0,0.0,20.0,0.5,0.0,https://www.taylorstitch.com/products/organic-cotton-crew-in-summit-orange-waffle-2510,https://cdn.shopify.com/s/files/1/0070/1922/files/instock_m_q425_The_Organic_Cotton_Crew-SummitOrangeWaffle_portrait_001.jpg?v=1760974082
255,20.4,www.taylorstitch.com,division-shirt-in-rinsed-indigo-plaid-2407,The Division Shirt in Rinsed Indigo Plaid,Taylor Stitch,Wovens,71.00,,,False,2025-10-17,,,0.0,0.0,20.0,0.4,0.0,https://www.taylorstitch.com/products/division-shirt-in-rinsed-indigo-plaid-2407,https://cdn.shopify.com/s/files/1/0070/1922/files/division-shirt-in-rinsed-indigo-plaid-2407_001.jpg?v=1790611432
256,20.3,www.taylorstitch.com,division-shirt-in-washed-indigo-check-2502,The Division Shirt in Washed Indigo Check,Taylor Stitch,Wovens,85.20,,,False,2025-10-16,,,0.0,0.0,20.0,0.3,0.0,https://www.taylorstitch.com/products/division-shirt-in-washed-indigo-check-2502,https://cdn.shopify.com/s/files/1/0070/1922/files/instock_m_q125_divisionshirt_washedindigo_check_portrait_001.jpg?v=1760571871
257,20.3,www.taylorstitch.com,division-shirt-in-sunset-check-2608,The Division Shirt in Sunset Check,Taylor Stitch,Wovens,148.00,,,True,2026-07-30,,,0.0,0.0,7.1,13.2,0.0,https://www.taylorstitch.com/products/division-shirt-in-sunset-check-2608,https://cdn.shopify.com/s/files/1/0070/1922/files/division-shirt-in-sunset-check-2608_001.jpg?v=1790611436
258,20.2,www.taylorstitch.com,rugby-shirt-in-burnt-olive-2605,The Rugby Shirt in Burnt Olive,Taylor Stitch,Knits,128.00,,,True,2026-04-21,,,0.0,0.0,11.6,8.7,0.0,https://www.taylorstitch.com/products/rugby-shirt-in-burnt-olive-2605,https://cdn.shopify.com/s/files/1/0070/1922/files/rugby-shirt-in-burnt-olive-2605_001.jpg?v=1790612062
259,20.2,www.taylorstitch.com,organic-cotton-shop-tee-in-coal-twist-2411,The Organic Cotton Shop Tee in Coal Twist,Taylor Stitch,Knits,65.00,,,True,2025-10-14,,,0.0,0.0,20.0,0.2,0.0,https://www.taylorstitch.com/products/organic-cotton-shop-tee-in-coal-twist-2411,https://cdn.shopify.com/s/files/1/0070/1922/files/organic-cotton-shop-tee-in-coal-twist-2411_001.jpg?v=1790611945
260,20.2,www.taylorstitch.com,jack-in-burgundy-waffle-2310,The Jack in Burgundy Waffle,Taylor Stitch,Wovens,82.80,,,False,2025-10-13,,,0.0,0.0,20.0,0.2,0.0,https://www.taylorstitch.com/products/jack-in-burgundy-waffle-2310,https://cdn.shopify.com/s/files/1/0070/1922/files/instock_m_q423_Jack_Burgundy_Waffle_001.jpg?v=1762272664
261,20.2,www.taylorstitch.com,jack-in-fatigue-olive-waffle-2510,The Jack in Fatigue Olive Waffle,Taylor Stitch,Wovens,69.00,,,False,2025-10-13,,,0.0,0.0,20.0,0.2,0.0,https://www.taylorstitch.com/products/jack-in-fatigue-olive-waffle-2510,https://cdn.shopify.com/s/files/1/0070/1922/files/jack-in-fatigue-olive-waffle-2510_001.jpg?v=1790611644
262,20.2,www.taylorstitch.com,organic-cotton-shop-tee-in-army-twist-2411,The Organic Cotton Shop Tee in Army Twist,Taylor Stitch,Knits,65.00,,,True,2025-10-13,,,0.0,0.0,20.0,0.2,0.0,https://www.taylorstitch.com/products/organic-cotton-shop-tee-in-army-twist-2411,https://cdn.shopify.com/s/files/1/0070/1922/files/organic-cotton-shop-tee-in-army-twist-2411_001.jpg?v=1790611941
263,20.2,www.taylorstitch.com,organic-cotton-shop-tee-in-navy-twist-2411,The Organic Cotton Shop Tee in Navy Twist,Taylor Stitch,Knits,65.00,,,True,2025-10-13,,,0.0,0.0,20.0,0.2,0.0,https://www.taylorstitch.com/products/organic-cotton-shop-tee-in-navy-twist-2411,https://cdn.shopify.com/s/files/1/0070/1922/files/organic-cotton-shop-tee-in-navy-twist-2411_001.jpg?v=1790611954
264,20.2,www.taylorstitch.com,organic-cotton-shop-tee-in-oat-twist-2411,The Organic Cotton Shop Tee in Oat Twist,Taylor Stitch,Knits,65.00,,,True,2025-10-13,,,0.0,0.0,20.0,0.2,0.0,https://www.taylorstitch.com/products/organic-cotton-shop-tee-in-oat-twist-2411,https://cdn.shopify.com/s/files/1/0070/1922/files/organic-cotton-shop-tee-in-oat-twist-2411_001.jpg?v=1790611958
265,20.1,www.taylorstitch.com,eastmoor-cardigan-in-heather-graphite-wool-2510,The Eastmoor Cardigan in Heather Graphite Wool,Taylor Stitch,Knits,94.00,,,False,2025-10-30,,,0.0,0.0,19.1,0.9,0.0,https://www.taylorstitch.com/products/eastmoor-cardigan-in-heather-graphite-wool-2510,https://cdn.shopify.com/s/files/1/0070/1922/files/eastmoor-cardigan-in-heather-graphite-wool-2510_001.jpg?v=1790611453
266,20.0,www.taylorstitch.com,ledge-shirt-in-coal-plaid-2510,The Ledge Shirt in Coal Plaid,Taylor Stitch,Wovens,88.80,,,False,2025-10-10,,,0.0,0.0,20.0,0.0,0.0,https://www.taylorstitch.com/products/ledge-shirt-in-coal-plaid-2510,https://cdn.shopify.com/s/files/1/0070/1922/files/instock_m_q425_The_Ledge_Shirt-CoalPlaid_portrait_001.jpg?v=1760043282
267,20.0,www.taylorstitch.com,ledge-shirt-in-pine-twist-2510,The Ledge Shirt in Pine Twist,Taylor Stitch,Wovens,88.80,,,False,2025-10-10,,,0.0,0.0,20.0,0.0,0.0,https://www.taylorstitch.com/products/ledge-shirt-in-pine-twist-2510,https://cdn.shopify.com/s/files/1/0070/1922/files/instock_m_q425_The_Ledge_Shirt-PineTwist_portrait_001.jpg?v=1762277152
268,20.0,www.taylorstitch.com,davis-shirt-in-indigo-raindrop-sashiko-2604,The Davis Shirt in Indigo Raindrop Sashiko,Taylor Stitch,Wovens,138.00,,,True,2026-06-05,,,0.0,0.0,9.3,10.7,0.0,https://www.taylorstitch.com/products/davis-shirt-in-indigo-raindrop-sashiko-2604,https://cdn.shopify.com/s/files/1/0070/1922/files/davis-shirt-in-indigo-raindrop-sashiko-2604_001.jpg?v=1790611353
269,20.0,www.taylorstitch.com,sunset-pant-in-rinsed-indigo-terry-2602,The Sunset Pant in Rinsed Indigo Terry,Taylor Stitch,Bottoms,118.00,,,True,2026-02-25,,,0.0,0.0,13.8,6.2,0.0,https://www.taylorstitch.com/products/sunset-pant-in-rinsed-indigo-terry-2602,https://cdn.shopify.com/s/files/1/0070/1922/files/sunset-pant-in-rinsed-indigo-terry-2602_001.jpg?v=1790612326
270,20.0,www.taylorstitch.com,apres-pant-in-burgundy-double-cloth-2510,The Apres Pant in Burgundy Double Cloth,Taylor Stitch,Bottoms,76.80,,,False,2025-10-09,,,0.0,0.0,20.0,0.0,0.0,https://www.taylorstitch.com/products/apres-pant-in-burgundy-double-cloth-2510,https://cdn.shopify.com/s/files/1/0070/1922/files/instock_m_q425_The_Apres_Pant-BurgundyDoubleCloth_portrait_001.jpg?v=1759958001
271,20.0,www.taylorstitch.com,apres-pant-in-coal-double-cloth-2510,The Apres Pant in Coal Double Cloth,Taylor Stitch,Bottoms,76.80,,,False,2025-10-09,,,0.0,0.0,20.0,0.0,0.0,https://www.taylorstitch.com/products/apres-pant-in-coal-double-cloth-2510,https://cdn.shopify.com/s/files/1/0070/1922/files/instock_m_q325_The_Apres_Pant-CoalDoubleCloth_portrait_001.jpg?v=1759957405
272,20.0,www.taylorstitch.com,apres-pant-in-heather-coal-quilted-jersey-2508,The Apres Pant in Heather Coal Quilted Jersey,Taylor Stitch,Bottoms,82.80,,,False,2025-08-07,,,0.0,0.0,20.0,0.0,0.0,https://www.taylorstitch.com/products/apres-pant-in-heather-coal-quilted-jersey-2508,https://cdn.shopify.com/s/files/1/0070/1922/files/instock_m_q325_apres_pant_heather_coal_quilted_portrait_001.jpg?v=1754336870
273,20.0,www.taylorstitch.com,quilted-apres-pant-in-heather-midnight-jersey-2411,The Apres Pant in Heather Midnight Quilted Jersey,Taylor Stitch,Bottoms,82.80,,,False,2025-08-07,,,0.0,0.0,20.0,0.0,0.0,https://www.taylorstitch.com/products/quilted-apres-pant-in-heather-midnight-jersey-2411,https://cdn.shopify.com/s/files/1/0070/1922/files/instock_m_q424_quilted_apres_pant_midnight_001.jpg?v=1754339527
274,20.0,www.taylorstitch.com,apres-pant-in-marine-stripe-2404,The Apres Pant in Marine Stripe,Taylor Stitch,Bottoms,59.00,,,False,2025-04-08,,,0.0,0.0,20.0,0.0,0.0,https://www.taylorstitch.com/products/apres-pant-in-marine-stripe-2404,https://cdn.shopify.com/s/files/1/0070/1922/files/instock_m_q224_Apres_Pant_Marine_Stripe_001.jpg?v=1762273666
275,20.0,www.taylorstitch.com,apres-pant-in-oat-linen-tweed-2402,The Apres Pant in Oat Linen Tweed,Taylor Stitch,Bottoms,59.00,,,False,2025-04-08,,,0.0,0.0,20.0,0.0,0.0,https://www.taylorstitch.com/products/apres-pant-in-oat-linen-tweed-2402,https://cdn.shopify.com/s/files/1/0070/1922/files/instock_m_q124_The_Apres_Pant-Oat_Linen_Tweed_001.jpg?v=1762273192
276,20.0,www.taylorstitch.com,apres-short-in-faded-black-hemp-2404,The Apres Short in Faded Black Hemp,Taylor Stitch,Bottoms,44.00,,,False,2025-04-22,,,0.0,0.0,20.0,0.0,0.0,https://www.taylorstitch.com/products/apres-short-in-faded-black-hemp-2404,https://cdn.shopify.com/s/files/1/0070/1922/files/instock_m_q224_The_Apres_Shorts_Faded_Black_Hemp_001.jpg?v=1762273671
277,20.0,www.taylorstitch.com,apres-short-in-heather-coal-pincord-2504,The Apres Short in Heather Coal Pincord,Taylor Stitch,Bottoms,52.80,,,False,2025-04-02,,,0.0,0.0,20.0,0.0,0.0,https://www.taylorstitch.com/products/apres-short-in-heather-coal-pincord-2504,https://cdn.shopify.com/s/files/1/0070/1922/files/instock_m_q225_apres_heathercoal_portrait_001.jpg?v=1762276185
278,20.0,www.taylorstitch.com,apres-short-in-heather-moss-pincord-2504,The Apres Short in Heather Moss Pincord,Taylor Stitch,Bottoms,52.80,,,False,2025-04-02,,,0.0,0.0,20.0,0.0,0.0,https://www.taylorstitch.com/products/apres-short-in-heather-moss-pincord-2504,https://cdn.shopify.com/s/files/1/0070/1922/files/instock_m_q225_The_Apres_Short-HeatherMossPincord_portrait_001.jpg?v=1762276183
279,20.0,www.taylorstitch.com,apres-short-in-navy-linen-tweed-2505,The Apres Short in Navy Linen Tweed,Taylor Stitch,Bottoms,56.40,,,False,2025-04-29,,,0.0,0.0,20.0,0.0,0.0,https://www.taylorstitch.com/products/apres-short-in-navy-linen-tweed-2505,https://cdn.shopify.com/s/files/1/0070/1922/files/instock_m_q225_The_Apres_Short-NavyLinenTweed_portrait_001.jpg?v=1762276186
280,20.0,www.taylorstitch.com,apres-short-in-oat-linen-tweed-2505,The Apres Short in Oat Linen Tweed,Taylor Stitch,Bottoms,56.40,,,False,2025-04-29,,,0.0,0.0,20.0,0.0,0.0,https://www.taylorstitch.com/products/apres-short-in-oat-linen-tweed-2505,https://cdn.shopify.com/s/files/1/0070/1922/files/instock_m_q225_productname_portrait_001.jpg?v=1762276185
281,20.0,www.taylorstitch.com,apres-short-in-wheat-hemp-2305,The Apres Short in Wheat Hemp,Taylor Stitch,Bottoms,44.00,,,False,2025-04-22,,,0.0,0.0,20.0,0.0,0.0,https://www.taylorstitch.com/products/apres-short-in-wheat-hemp-2305,https://cdn.shopify.com/s/files/1/0070/1922/files/The_Apres_Short_WheatHemp_Frontnew.jpg?v=1762271763
282,20.0,www.taylorstitch.com,apres-zip-hoodie-in-black-indigo-terry-2507,The Apres Zip Hoodie in Black Indigo Terry,Taylor Stitch,Knits,82.80,,,False,2025-07-18,,,0.0,0.0,20.0,0.0,0.0,https://www.taylorstitch.com/products/apres-zip-hoodie-in-black-indigo-terry-2507,https://cdn.shopify.com/s/files/1/0070/1922/files/instock_m_q325_apres_zip_hoodie_Black_indigo_terry_portrait_001.jpg?v=1762276711
283,20.0,www.taylorstitch.com,apres-zip-hoodie-in-rinsed-indigo-terry-2507,The Apres Zip Hoodie in Rinsed Indigo Terry,Taylor Stitch,Knits,82.80,,,False,2025-07-18,,,0.0,0.0,20.0,0.0,0.0,https://www.taylorstitch.com/products/apres-zip-hoodie-in-rinsed-indigo-terry-2507,https://cdn.shopify.com/s/files/1/0070/1922/files/instock_m_q325_productname_portrait_001.jpg?v=1762276710
284,20.0,www.taylorstitch.com,bandana-in-cactus-floral-2505,The Bandana in Cactus Floral,Taylor Stitch,Accessories,27.00,,,False,2025-05-14,,,0.0,0.0,20.0,0.0,0.0,https://www.taylorstitch.com/products/bandana-in-cactus-floral-2505,https://cdn.shopify.com/s/files/1/0070/1922/files/instock_m_q225_The_Bandana-CactusFloral_portrait_001.jpg?v=1762276195
285,20.0,www.taylorstitch.com,bandana-in-desert-sunset-2505,The Bandana in Desert Sunset,Taylor Stitch,Accessories,27.00,,,False,2025-05-14,,,0.0,0.0,20.0,0.0,0.0,https://www.taylorstitch.com/products/bandana-in-desert-sunset-2505,https://cdn.shopify.com/s/files/1/0070/1922/files/instock_m_q225_The_Bandana-DesertSunset_portrait_001.jpg?v=1762276195
286,20.0,www.taylorstitch.com,breakwater-pant-in-chili-stripe,The Breakwater Pant in Chili Stripe Linen,Taylor Stitch,Bottoms,64.00,,,False,2025-05-09,,,0.0,0.0,20.0,0.0,0.0,https://www.taylorstitch.com/products/breakwater-pant-in-chili-stripe,https://cdn.shopify.com/s/files/1/0070/1922/files/instock_m_q224_breakwater_chilistripe_001.jpg?v=1762273690
287,20.0,www.taylorstitch.com,breakwater-pant-in-rinsed-indigo-stripe-2504,The Breakwater Pant in Rinsed Indigo Stripe,Taylor Stitch,Bottoms,76.80,,,False,2025-05-07,,,0.0,0.0,20.0,0.0,0.0,https://www.taylorstitch.com/products/breakwater-pant-in-rinsed-indigo-stripe-2504,https://cdn.shopify.com/s/files/1/0070/1922/files/instock_m_q225_The_Breakwater_Pant-RinsedIndigoStripe_portrait_001.jpg?v=1762276189
288,20.0,www.taylorstitch.com,button-down-polo-in-cilantro-herringbone-2504,The Button Down Polo in Cilantro Herringbone,Taylor Stitch,Knits,82.80,,,False,2025-04-24,,,0.0,0.0,20.0,0.0,0.0,https://www.taylorstitch.com/products/button-down-polo-in-cilantro-herringbone-2504,https://cdn.shopify.com/s/files/1/0070/1922/files/instock_m_q225_buttondown_cilantro_portrait_001.jpg?v=1762276180
289,20.0,www.taylorstitch.com,button-down-polo-in-dark-navy-stripe-2505,The Button Down Polo in Dark Navy Stripe,Taylor Stitch,Knits,82.80,,,False,2025-05-12,,,0.0,0.0,20.0,0.0,0.0,https://www.taylorstitch.com/products/button-down-polo-in-dark-navy-stripe-2505,https://cdn.shopify.com/s/files/1/0070/1922/files/instock_m_q225_buttondown_polo_darknavy_portrait_001.jpg?v=1762276182
290,20.0,www.taylorstitch.com,button-down-polo-in-dried-cherry-stripe-2505,The Button Down Polo in Dried Cherry Stripe,Taylor Stitch,Knits,82.80,,,False,2025-05-12,,,0.0,0.0,20.0,0.0,0.0,https://www.taylorstitch.com/products/button-down-polo-in-dried-cherry-stripe-2505,https://cdn.shopify.com/s/files/1/0070/1922/files/instock_m_q225_buttondown_polo_driedcherry_portrait_001.jpg?v=1762276181
291,20.0,www.taylorstitch.com,button-down-polo-in-heather-oat-herringbone-2504,The Button Down Polo in Heather Oat Herringbone,Taylor Stitch,Knits,82.80,,,False,2025-04-04,,,0.0,0.0,20.0,0.0,0.0,https://www.taylorstitch.com/products/button-down-polo-in-heather-oat-herringbone-2504,https://cdn.shopify.com/s/files/1/0070/1922/files/instock_m_q225_buttondown_heatheroat_portrait_001.jpg?v=1762276179
292,20.0,www.taylorstitch.com,cpo-shirt-in-heather-ash-twill-2509,The CPO Shirt in Heather Ash Twill,Taylor Stitch,Wovens,89.00,,,False,2025-09-11,,,0.0,0.0,20.0,0.0,0.0,https://www.taylorstitch.com/products/cpo-shirt-in-heather-ash-twill-2509,https://cdn.shopify.com/s/files/1/0070/1922/files/instock_m_q325_The_CPO_Shirt-HeatherAshTwill_portrait_001.jpg?v=1762276740
293,20.0,www.taylorstitch.com,cpo-shirt-in-heather-slate-twill-2509,The CPO Shirt in Heather Slate Twill,Taylor Stitch,Wovens,89.00,,,False,2025-09-11,,,0.0,0.0,20.0,0.0,0.0,https://www.taylorstitch.com/products/cpo-shirt-in-heather-slate-twill-2509,https://cdn.shopify.com/s/files/1/0070/1922/files/instock_m_q325_The_CPO_Shirt-HeatherSlateTwill_portrait_001.jpg?v=1756923941
294,20.0,www.taylorstitch.com,camp-short-in-aged-penny-chipped-canvas-2504,The Camp Short in Aged Penny Chipped Canvas,Taylor Stitch,Bottoms,58.80,,,False,2025-03-26,,,0.0,0.0,20.0,0.0,0.0,https://www.taylorstitch.com/products/camp-short-in-aged-penny-chipped-canvas-2504,https://cdn.shopify.com/s/files/1/0070/1922/files/instock_m_q225_The_Camp_Short-AgedPennyChippedCanvas_portrait_001.jpg?v=1762276183
295,20.0,www.taylorstitch.com,camp-short-in-navy-chipped-canvas-2504,The Camp Short in Navy Chipped Canvas,Taylor Stitch,Bottoms,58.80,,,False,2025-03-26,,,0.0,0.0,20.0,0.0,0.0,https://www.taylorstitch.com/products/camp-short-in-navy-chipped-canvas-2504,https://cdn.shopify.com/s/files/1/0070/1922/files/instock_m_q225_The_Camp_Short-NavyChippedCanvas_portrait_001_34df9439-0435-47a1-b649-28a6a5e4a6e9.jpg?v=1762276182
296,20.0,www.taylorstitch.com,candle-in-drift-255c,The Candle in Drift,Taylor Stitch,Accessories,48.00,,,True,2025-07-17,,,0.0,0.0,20.0,0.0,0.0,https://www.taylorstitch.com/products/candle-in-drift-255c,https://cdn.shopify.com/s/files/1/0070/1922/files/candle-in-drift-255c_001.jpg?v=1790611185
297,20.0,www.taylorstitch.com,candle-in-haven-255c,The Candle in Haven,Taylor Stitch,Accessories,48.00,,,True,2025-07-17,,,0.0,0.0,20.0,0.0,0.0,https://www.taylorstitch.com/products/candle-in-haven-255c,https://cdn.shopify.com/s/files/1/0070/1922/files/candle-in-haven-255c_001.jpg?v=1790611190
298,20.0,www.taylorstitch.com,conrad-shirt-in-cocoa-dobby-2504,The Conrad Shirt in Cocoa Dobby,Taylor Stitch,Wovens,76.80,,,False,2025-04-15,,,0.0,0.0,20.0,0.0,0.0,https://www.taylorstitch.com/products/conrad-shirt-in-cocoa-dobby-2504,https://cdn.shopify.com/s/files/1/0070/1922/files/instock_m_q225_The_Conrad_Shirt-CocoaDobby_portrait_001.jpg?v=1762276168
299,20.0,www.taylorstitch.com,conrad-shirt-in-fatigue-olive-dobby-stripe-2506,The Conrad Shirt in Fatigue Olive Dobby Stripe,Taylor Stitch,Wovens,76.80,,,False,2025-05-07,,,0.0,0.0,20.0,0.0,0.0,https://www.taylorstitch.com/products/conrad-shirt-in-fatigue-olive-dobby-stripe-2506,https://cdn.shopify.com/s/files/1/0070/1922/files/instock_m_q225_The_Conrad_Shirt-FatigueOliveDobbyStripe_portrait_001.jpg?v=1762276167
300,20.0,www.taylorstitch.com,short-sleeve-conrad-shirt-in-fired-brick-dobby-2404,The Conrad Shirt in Fired Brick Dobby,Taylor Stitch,Wovens,64.00,,,False,2025-04-15,,,0.0,0.0,20.0,0.0,0.0,https://www.taylorstitch.com/products/short-sleeve-conrad-shirt-in-fired-brick-dobby-2404,https://cdn.shopify.com/s/files/1/0070/1922/files/instock_m_q224_conrad_fired_brick_001.jpg?v=1762273654
301,20.0,www.taylorstitch.com,conrad-shirt-in-vintage-white-dobby-stripe-2506,The Conrad Shirt in Vintage White Dobby Stripe,Taylor Stitch,Wovens,76.80,,,False,2025-05-30,,,0.0,0.0,20.0,0.0,0.0,https://www.taylorstitch.com/products/conrad-shirt-in-vintage-white-dobby-stripe-2506,https://cdn.shopify.com/s/files/1/0070/1922/files/instock_m_q225_The_Conrad_Shirt-VintageWhiteDobbyStripe_portrait_001.jpg?v=1762276168
302,20.0,www.taylorstitch.com,conrad-shirt-in-vintage-white-linen-2505,The Conrad Shirt in Vintage White Linen,Taylor Stitch,Wovens,76.80,,,True,2025-05-01,,,0.0,0.0,20.0,0.0,0.0,https://www.taylorstitch.com/products/conrad-shirt-in-vintage-white-linen-2505,https://cdn.shopify.com/s/files/1/0070/1922/files/conrad-shirt-in-vintage-white-linen-2505_001.jpg?v=1790611244
303,20.0,www.taylorstitch.com,cotton-hemp-long-sleeve-tee-in-heathered-oat-2310,The Cotton Hemp Long Sleeve Tee in Heather Oat,Taylor Stitch,Knits,36.00,,,False,2025-05-14,,,0.0,0.0,20.0,0.0,0.0,https://www.taylorstitch.com/products/cotton-hemp-long-sleeve-tee-in-heathered-oat-2310,https://cdn.shopify.com/s/files/1/0070/1922/files/6865637081165_cotton-hemp-long-sleeve-tee-in-heathered-oat-2310_01_tsio.jpg?v=1762272673
304,20.0,www.taylorstitch.com,cotton-hemp-polo-in-black-cherry-2506,The Cotton Hemp Polo in Black Cherry,Taylor Stitch,Knits,34.80,,,False,2025-05-28,,,0.0,0.0,20.0,0.0,0.0,https://www.taylorstitch.com/products/cotton-hemp-polo-in-black-cherry-2506,https://cdn.shopify.com/s/files/1/0070/1922/files/instock_m_q225_The_Cotton_Hemp_Polo-BlackCherry_portrait_001.jpg?v=1762276178
305,20.0,www.taylorstitch.com,cotton-hemp-polo-in-heather-oat-2405,The Cotton Hemp Polo in Heather Oat,Taylor Stitch,Knits,29.00,,,False,2025-05-28,,,0.0,0.0,20.0,0.0,0.0,https://www.taylorstitch.com/products/cotton-hemp-polo-in-heather-oat-2405,https://cdn.shopify.com/s/files/1/0070/1922/files/instock_m_q224_The_Cotton_Hemp_Polo-OatHeather_001.jpg?v=1762273684
306,20.0,www.taylorstitch.com,cotton-hemp-polo-in-olive-2506,The Cotton Hemp Polo in Olive,Taylor Stitch,Knits,34.80,,,False,2025-05-28,,,0.0,0.0,20.0,0.0,0.0,https://www.taylorstitch.com/products/cotton-hemp-polo-in-olive-2506,https://cdn.shopify.com/s/files/1/0070/1922/files/instock_m_q225_The_Cotton_Hemp_Polo-Olive_portrait_001.jpg?v=1762276179
307,20.0,www.taylorstitch.com,craftsman-shirt-in-bark-plaid-linen-2504,The Craftsman Shirt in Bark Plaid Linen,Taylor Stitch,Wovens,76.80,,,False,2025-04-08,,,0.0,0.0,20.0,0.0,0.0,https://www.taylorstitch.com/products/craftsman-shirt-in-bark-plaid-linen-2504,https://cdn.shopify.com/s/files/1/0070/1922/files/instock_m_q225_craftsman_bark_portrait_001.jpg?v=1762276150
308,20.0,www.taylorstitch.com,craftsman-shirt-in-canteen-plaid-linen-2504,The Craftsman Shirt in Canteen Plaid Linen,Taylor Stitch,Wovens,76.80,,,False,2025-04-08,,,0.0,0.0,20.0,0.0,0.0,https://www.taylorstitch.com/products/craftsman-shirt-in-canteen-plaid-linen-2504,https://cdn.shopify.com/s/files/1/0070/1922/files/instock_m_q225_craftsman_canteen_portrait_001.jpg?v=1762276149
309,20.0,www.taylorstitch.com,crater-shirt-in-forest-plaid-2509,The Crater Shirt in Forest Plaid,Taylor Stitch,Wovens,82.80,,,False,2025-09-08,,,0.0,0.0,20.0,0.0,0.0,https://www.taylorstitch.com/products/crater-shirt-in-forest-plaid-2509,https://cdn.shopify.com/s/files/1/0070/1922/files/crater-shirt-in-forest-plaid-2509_001.jpg?v=1790611285
310,20.0,www.taylorstitch.com,short-sleeve-davis-shirt-in-desert-sunset-2505,The Davis Shirt in Desert Sunset,Taylor Stitch,Wovens,76.80,,,False,2025-05-14,,,0.0,0.0,20.0,0.0,0.0,https://www.taylorstitch.com/products/short-sleeve-davis-shirt-in-desert-sunset-2505,https://cdn.shopify.com/s/files/1/0070/1922/files/instock_m_q225_The_Short_Sleeve_Davis-DesertSunset_portrait_001.jpg?v=1762276169
311,20.0,www.taylorstitch.com,democratic-foundation-pant-in-organic-navy-twill-2501,The Democratic Foundation Pant in Organic Navy,Taylor Stitch,Bottoms,69.00,,,False,2025-06-25,,,0.0,0.0,20.0,0.0,0.0,https://www.taylorstitch.com/products/democratic-foundation-pant-in-organic-navy-twill-2501,https://cdn.shopify.com/s/files/1/0070/1922/files/democratic-foundation-pant-in-organic-navy-twill-2501_001.jpg?v=1790611379
312,20.0,www.taylorstitch.com,easy-pant-in-canteen-seersucker-2504,The Easy Pant in Canteen Seersucker,Taylor Stitch,Bottoms,76.80,,,False,2025-04-14,,,0.0,0.0,20.0,0.0,0.0,https://www.taylorstitch.com/products/easy-pant-in-canteen-seersucker-2504,https://cdn.shopify.com/s/files/1/0070/1922/files/instock_m_q225_The_Easy_Pant-CanteenSeersucker_portrait_001.jpg?v=1762276187
313,20.0,www.taylorstitch.com,easy-pant-in-navy-linen-2504,The Easy Pant in Navy Linen,Taylor Stitch,Bottoms,53.76,,,False,2025-04-14,,,0.0,0.0,20.0,0.0,0.0,https://www.taylorstitch.com/products/easy-pant-in-navy-linen-2504,https://cdn.shopify.com/s/files/1/0070/1922/files/instock_m_q225_The_Easy_Pant-NavyLinen_portrait_001.jpg?v=1762276187
314,20.0,www.taylorstitch.com,easy-short-in-canteen-seersucker-2505,The Easy Short in Canteen Seersucker,Taylor Stitch,Bottoms,58.80,,,False,2025-05-14,,,0.0,0.0,20.0,0.0,0.0,https://www.taylorstitch.com/products/easy-short-in-canteen-seersucker-2505,https://cdn.shopify.com/s/files/1/0070/1922/files/instock_m_q225_easyshort_canteenseersucker_portrait_001.jpg?v=1762276190
315,20.0,www.taylorstitch.com,easy-short-in-navy-linen-2505,The Easy Short in Navy Linen,Taylor Stitch,Bottoms,58.80,,,False,2025-05-14,,,0.0,0.0,20.0,0.0,0.0,https://www.taylorstitch.com/products/easy-short-in-navy-linen-2505,https://cdn.shopify.com/s/files/1/0070/1922/files/instock_m_q225_easyshort_navylinen_portrait_001.jpg?v=1762276190
316,20.0,www.taylorstitch.com,eddy-crew-in-heather-marine-herringbone-2508,The Eddy Crew in Heather Marine Herringbone,Taylor Stitch,Knits,89.00,,,False,2025-08-13,,,0.0,0.0,20.0,0.0,0.0,https://www.taylorstitch.com/products/eddy-crew-in-heather-marine-herringbone-2508,https://cdn.shopify.com/s/files/1/0070/1922/files/instock_m_q325_eddy_crew_heather_marine_herringbone_portrait_001.jpg?v=1754414998
317,20.0,www.taylorstitch.com,evans-crew-in-navy-birdseye-wool-2509,The Evans Crew in Navy Birdseye Wool,Taylor Stitch,Knits,82.00,,,False,2025-09-02,,,0.0,0.0,20.0,0.0,0.0,https://www.taylorstitch.com/products/evans-crew-in-navy-birdseye-wool-2509,https://cdn.shopify.com/s/files/1/0070/1922/files/evans-crew-in-navy-birdseye-wool-2509_001.jpg?v=1790611485
318,20.0,www.taylorstitch.com,exhaust-shirt-in-natural-stripe-2504,The Exhaust Shirt in Natural Stripe,Taylor Stitch,Wovens,82.80,,,False,2025-04-17,,,0.0,0.0,20.0,0.0,0.0,https://www.taylorstitch.com/products/exhaust-shirt-in-natural-stripe-2504,https://cdn.shopify.com/s/files/1/0070/1922/files/instock_m_q225_The_Exhaust_Shirt-NaturalStripe_portrait_001.jpg?v=1762276156
319,20.0,www.taylorstitch.com,foundation-tote-in-organic-faded-black-2507,The Foundation Tote in Organic Faded Black,Taylor Stitch,Accessories,88.00,,,True,2025-07-03,,,0.0,0.0,20.0,0.0,0.0,https://www.taylorstitch.com/products/foundation-tote-in-organic-faded-black-2507,https://cdn.shopify.com/s/files/1/0070/1922/files/foundation-tote-in-organic-faded-black-2507_001.jpg?v=1790611519
320,20.0,www.taylorstitch.com,foundation-tote-in-organic-khaki-2507,The Foundation Tote in Organic Khaki,Taylor Stitch,Accessories,88.00,,,True,2025-07-03,,,0.0,0.0,20.0,0.0,0.0,https://www.taylorstitch.com/products/foundation-tote-in-organic-khaki-2507,https://cdn.shopify.com/s/files/1/0070/1922/files/foundation-tote-in-organic-khaki-2507_001.jpg?v=1790611524
321,20.0,www.taylorstitch.com,foundation-tote-in-organic-navy-2407,The Foundation Tote in Organic Navy,Taylor Stitch,Accessories,88.00,,,True,2025-07-02,,,0.0,0.0,20.0,0.0,0.0,https://www.taylorstitch.com/products/foundation-tote-in-organic-navy-2407,https://cdn.shopify.com/s/files/1/0070/1922/files/foundation-tote-in-organic-navy-2407_001.jpg?v=1790611528
322,20.0,www.taylorstitch.com,foundation-tote-in-organic-smoked-olive-2407,The Foundation Tote in Organic Smoked Olive,Taylor Stitch,Accessories,88.00,,,True,2025-07-02,,,0.0,0.0,20.0,0.0,0.0,https://www.taylorstitch.com/products/foundation-tote-in-organic-smoked-olive-2407,https://cdn.shopify.com/s/files/1/0070/1922/files/foundation-tote-in-organic-smoked-olive-2407_001.jpg?v=1790611534
323,20.0,www.taylorstitch.com,hawthorne-shirt-in-cactus-floral-2505,The Hawthorne Shirt in Cactus Floral,Taylor Stitch,Wovens,76.80,,,False,2025-05-15,,,0.0,0.0,20.0,0.0,0.0,https://www.taylorstitch.com/products/hawthorne-shirt-in-cactus-floral-2505,https://cdn.shopify.com/s/files/1/0070/1922/files/instock_m_q225_The_Short_Sleeve_Hawthorne-CactusFloral_portrait_001.jpg?v=1762276170
324,20.0,www.taylorstitch.com,hawthorne-shirt-in-cactus-sketch-2505,The Hawthorne Shirt in Cactus Sketch,Taylor Stitch,Wovens,76.80,,,False,2025-05-14,,,0.0,0.0,20.0,0.0,0.0,https://www.taylorstitch.com/products/hawthorne-shirt-in-cactus-sketch-2505,https://cdn.shopify.com/s/files/1/0070/1922/files/instock_m_q225_The_Short_Sleeve_Hawthorne-CactusSketch_portrait_001.jpg?v=1762276170
325,20.0,www.taylorstitch.com,short-sleeve-hawthorne-in-dried-fig-stripe-2303,The Hawthorne Shirt in Dried Fig Stripe,Taylor Stitch,Wovens,62.50,,,False,2025-03-21,,,0.0,0.0,20.0,0.0,0.0,https://www.taylorstitch.com/products/short-sleeve-hawthorne-in-dried-fig-stripe-2303,https://cdn.shopify.com/s/files/1/0070/1922/products/6757463556173_short-sleeve-hawthorne-in-dried-fig-stripe-2303_01_tsio.jpg?v=1762271266
326,20.0,www.taylorstitch.com,short-sleeve-hawthorne-in-fatigue-olive-desert-palm-2504,The Hawthorne Shirt in Fatigue Olive Desert Palm,Taylor Stitch,Wovens,75.00,,,False,2025-04-29,,,0.0,0.0,20.0,0.0,0.0,https://www.taylorstitch.com/products/short-sleeve-hawthorne-in-fatigue-olive-desert-palm-2504,https://cdn.shopify.com/s/files/1/0070/1922/files/instock_m_q225_The_Short_Sleeve_Hawthorne-FatigueOliveDesertPalm_portrait_001.jpg?v=1762276165
327,20.0,www.taylorstitch.com,short-sleeve-hawthorne-in-red-wine-border-eyelet-2505,The Hawthorne Shirt in Red Wine Border Eyelet,Taylor Stitch,Wovens,82.80,,,False,2025-05-06,,,0.0,0.0,20.0,0.0,0.0,https://www.taylorstitch.com/products/short-sleeve-hawthorne-in-red-wine-border-eyelet-2505,https://cdn.shopify.com/s/files/1/0070/1922/files/instock_m_q225_The_Short_Sleeve_Hawthorne-RedWineBorderEyelet_portrait_001.jpg?v=1762276155
328,20.0,www.taylorstitch.com,short-sleeve-hawthorne-in-tea-desert-palm-2504,The Hawthorne Shirt in Tea Desert Palm,Taylor Stitch,Wovens,75.00,,,False,2025-04-29,,,0.0,0.0,20.0,0.0,0.0,https://www.taylorstitch.com/products/short-sleeve-hawthorne-in-tea-desert-palm-2504,https://cdn.shopify.com/s/files/1/0070/1922/files/instock_m_q225_The_Short_Sleeve_Hawthorne-TeaDesertPalm_portrait_001.jpg?v=1762276165
329,20.0,www.taylorstitch.com,short-sleeve-hawthorne-in-vintage-white-embroidered-eyelet-2404,The Hawthorne Shirt in Vintage White Embroidered Eyelet,Taylor Stitch,Wovens,69.00,,,False,2025-05-06,,,0.0,0.0,20.0,0.0,0.0,https://www.taylorstitch.com/products/short-sleeve-hawthorne-in-vintage-white-embroidered-eyelet-2404,https://cdn.shopify.com/s/files/1/0070/1922/files/instock_m_q224_ss_hawthorne_vintagewhite_eyelet_001.jpg?v=1762273644
330,20.0,www.taylorstitch.com,short-sleeve-hawthorne-in-washed-indigo-crepe-2505,The Hawthorne Shirt in Washed Indigo Crepe,Taylor Stitch,Knits,87.50,,,True,2025-05-09,,,0.0,0.0,20.0,0.0,0.0,https://www.taylorstitch.com/products/short-sleeve-hawthorne-in-washed-indigo-crepe-2505,https://cdn.shopify.com/s/files/1/0070/1922/files/short-sleeve-hawthorne-in-washed-indigo-crepe-2505_001.jpg?v=1790612159
331,20.0,www.taylorstitch.com,jack-in-autumn-pine-plaid-flannel-2509,The Jack in Autumn Pine Plaid Flannel,Taylor Stitch,Wovens,67.50,,,False,2025-08-29,,,0.0,0.0,20.0,0.0,0.0,https://www.taylorstitch.com/products/jack-in-autumn-pine-plaid-flannel-2509,https://cdn.shopify.com/s/files/1/0070/1922/files/instock_m_q325_The_Jack-AutumnPinePlaidFlannel_portrait_001.jpg?v=1756238186
332,20.0,www.taylorstitch.com,jack-in-dark-forest-houndstooth-2310,The Jack in Dark Forest Houndstooth,Taylor Stitch,Wovens,81.00,,,False,2025-08-01,,,0.0,0.0,20.0,0.0,0.0,https://www.taylorstitch.com/products/jack-in-dark-forest-houndstooth-2310,https://cdn.shopify.com/s/files/1/0070/1922/files/6865636655181_jack-in-dark-forest-houndstooth-2310_01_tsio.jpg?v=1754070050
333,20.0,www.taylorstitch.com,jack-in-dark-navy-houndstooth-2310,The Jack in Dark Navy Houndstooth,Taylor Stitch,Wovens,67.50,,,False,2025-08-01,,,0.0,0.0,20.0,0.0,0.0,https://www.taylorstitch.com/products/jack-in-dark-navy-houndstooth-2310,https://cdn.shopify.com/s/files/1/0070/1922/files/6865636622413_jack-in-dark-navy-houndstooth-2310_01_tsio.jpg?v=1754069645
334,20.0,www.taylorstitch.com,jack-in-deep-indigo-plaid-waffle-2507,The Jack in Deep Indigo Plaid Waffle,Taylor Stitch,Wovens,69.00,,,False,2025-07-14,,,0.0,0.0,20.0,0.0,0.0,https://www.taylorstitch.com/products/jack-in-deep-indigo-plaid-waffle-2507,https://cdn.shopify.com/s/files/1/0070/1922/files/instock_m_q325_jack_deep_indigo_plaid_waffle_portrait_001.jpg?v=1762276705
335,20.0,www.taylorstitch.com,jack-in-flax-linen-2505,The Jack in Flax Linen,Taylor Stitch,Wovens,81.00,,,False,2025-05-02,,,0.0,0.0,20.0,0.0,0.0,https://www.taylorstitch.com/products/jack-in-flax-linen-2505,https://cdn.shopify.com/s/files/1/0070/1922/files/instock_m_q225_jack_flax_linen_portrait_001.jpg?v=1762276158
336,20.0,www.taylorstitch.com,jack-in-navy-plaid-linen-2505,The Jack in Navy Plaid Linen,Taylor Stitch,Wovens,67.50,,,False,2025-05-02,,,0.0,0.0,20.0,0.0,0.0,https://www.taylorstitch.com/products/jack-in-navy-plaid-linen-2505,https://cdn.shopify.com/s/files/1/0070/1922/files/instock_m_q225_jack_navyplaid_linen_portrait_001.jpg?v=1762276160
337,20.0,www.taylorstitch.com,jack-in-pacific-linen-2505,The Jack in Pacific Linen,Taylor Stitch,Wovens,81.00,,,False,2025-05-02,,,0.0,0.0,20.0,0.0,0.0,https://www.taylorstitch.com/products/jack-in-pacific-linen-2505,https://cdn.shopify.com/s/files/1/0070/1922/files/instock_m_q225_jack_pacific_linen_portrait_001.jpg?v=1762276159
338,20.0,www.taylorstitch.com,jack-in-rinsed-indigo-plaid-oxford-2507,The Jack in Rinsed Indigo Plaid Oxford,Taylor Stitch,Wovens,79.20,,,False,2025-06-27,,,0.0,0.0,20.0,0.0,0.0,https://www.taylorstitch.com/products/jack-in-rinsed-indigo-plaid-oxford-2507,https://cdn.shopify.com/s/files/1/0070/1922/files/instock_m_q325_TheJack-RinsedIndigoPlaid_portrait_001.jpg?v=1762276704
339,20.0,www.taylorstitch.com,jack-in-sky-stripe-linen-2505,The Jack in Sky Stripe Linen,Taylor Stitch,Wovens,81.00,,,False,2025-05-02,,,0.0,0.0,20.0,0.0,0.0,https://www.taylorstitch.com/products/jack-in-sky-stripe-linen-2505,https://cdn.shopify.com/s/files/1/0070/1922/files/instock_m_q225_jack_skystripe_linen_portrait_001.jpg?v=1762276159
340,20.0,www.taylorstitch.com,ledge-shirt-in-army-linen-tweed-2507,The Ledge Shirt in Army Linen Tweed,Taylor Stitch,Wovens,74.00,,,False,2025-07-09,,,0.0,0.0,20.0,0.0,0.0,https://www.taylorstitch.com/products/ledge-shirt-in-army-linen-tweed-2507,https://cdn.shopify.com/s/files/1/0070/1922/files/instock_m_q325_The_Ledge_Shirt-ArmyLinenTweed_portrait_001.jpg?v=1762276707
341,20.0,www.taylorstitch.com,ledge-shirt-in-black-coffee-linen-tweed-2507,The Ledge Shirt in Black Coffee Linen Tweed,Taylor Stitch,Wovens,74.00,,,False,2025-07-09,,,0.0,0.0,20.0,0.0,0.0,https://www.taylorstitch.com/products/ledge-shirt-in-black-coffee-linen-tweed-2507,https://cdn.shopify.com/s/files/1/0070/1922/files/instock_m_q325_The_Ledge_Shirt-BlackCoffeeLinenTweed_portrait_001.jpg?v=1762276707
342,20.0,www.taylorstitch.com,merino-boxer-in-heather-army-2508,The Merino Boxer in Heather Army,Taylor Stitch,Accessories,30.00,,,False,2025-08-29,,,0.0,0.0,20.0,0.0,0.0,https://www.taylorstitch.com/products/merino-boxer-in-heather-army-2508,https://cdn.shopify.com/s/files/1/0070/1922/files/merino-boxer-in-heather-army-2508_001.jpg?v=1790611844
343,20.0,www.taylorstitch.com,merino-henley-in-heather-black-2403,The Merino Henley in Heather Black,Taylor Stitch,Knits,57.50,,,False,2025-06-12,,,0.0,0.0,20.0,0.0,0.0,https://www.taylorstitch.com/products/merino-henley-in-heather-black-2403,https://cdn.shopify.com/s/files/1/0070/1922/files/6887072170061_merino-henley-in-heather-black-2403_01_tsio.jpg?v=1762273213
344,20.0,www.taylorstitch.com,merino-henley-in-heather-navy-2403,The Merino Henley in Heather Navy,Taylor Stitch,Knits,57.50,,,False,2025-06-12,,,0.0,0.0,20.0,0.0,0.0,https://www.taylorstitch.com/products/merino-henley-in-heather-navy-2403,https://cdn.shopify.com/s/files/1/0070/1922/files/6887072202829_merino-henley-in-heather-navy-2403_01_tsio.jpg?v=1762273213
345,20.0,www.taylorstitch.com,merino-long-sleeve-tee-in-heather-army-2508,The Merino Long Sleeve Tee in Heather Army,Taylor Stitch,Knits,54.00,,,False,2025-08-21,,,0.0,0.0,20.0,0.0,0.0,https://www.taylorstitch.com/products/merino-long-sleeve-tee-in-heather-army-2508,https://cdn.shopify.com/s/files/1/0070/1922/files/merino-long-sleeve-tee-in-heather-army-2508_001.jpg?v=1790611849
346,20.0,www.taylorstitch.com,merino-long-sleeve-tee-in-heather-black-2508,The Merino Long Sleeve Tee in Heather Black,Taylor Stitch,Knits,45.36,,,False,2025-08-21,,,0.0,0.0,20.0,0.0,0.0,https://www.taylorstitch.com/products/merino-long-sleeve-tee-in-heather-black-2508,https://cdn.shopify.com/s/files/1/0070/1922/files/instock_m_q325_The_Merino_Long_Sleeve_Tee-HeatherBlack_portrait_001.jpg?v=1755722881
347,20.0,www.taylorstitch.com,merino-polo-in-heather-army-2407,The Merino Polo in Heather Army,Taylor Stitch,Knits,70.80,,,True,2025-06-30,,,0.0,0.0,20.0,0.0,0.0,https://www.taylorstitch.com/products/merino-polo-in-heather-army-2407,https://cdn.shopify.com/s/files/1/0070/1922/files/merino-polo-in-heather-army-2407_001.jpg?v=1790611851
348,20.0,www.taylorstitch.com,merino-tee-in-heather-black-2403,The Merino Tee in Heather Black,Taylor Stitch,Knits,61.60,,,False,2025-06-17,,,0.0,0.0,20.0,0.0,0.0,https://www.taylorstitch.com/products/merino-tee-in-heather-black-2403,https://cdn.shopify.com/s/files/1/0070/1922/files/merino-tee-in-heather-black-2403_001.jpg?v=1790611858
349,20.0,www.taylorstitch.com,merino-tee-in-heather-navy-2403,The Merino Tee in Heather Navy,Taylor Stitch,Knits,61.60,,,False,2025-06-20,,,0.0,0.0,20.0,0.0,0.0,https://www.taylorstitch.com/products/merino-tee-in-heather-navy-2403,https://cdn.shopify.com/s/files/1/0070/1922/files/merino-tee-in-heather-navy-2403_001.jpg?v=1790611861
350,20.0,www.taylorstitch.com,newton-sweater-polo-in-midnight-merino-2508,The Newton Sweater Polo in Midnight Merino,Taylor Stitch,Knits,89.00,,,False,2025-08-25,,,0.0,0.0,20.0,0.0,0.0,https://www.taylorstitch.com/products/newton-sweater-polo-in-midnight-merino-2508,https://cdn.shopify.com/s/files/1/0070/1922/files/instock_m_q325_The_Newton_Sweater_Polo-DarkNavyMerino_portrait_001.jpg?v=1755891238
351,20.0,www.taylorstitch.com,organic-cotton-waffle-crew-in-burgundy-2410,The Organic Cotton Crew in Burgundy Waffle,Taylor Stitch,Knits,51.00,,,True,2025-07-28,,,0.0,0.0,20.0,0.0,0.0,https://www.taylorstitch.com/products/organic-cotton-waffle-crew-in-burgundy-2410,https://cdn.shopify.com/s/files/1/0070/1922/files/instock_m_q424_The_Organic_Cotton_Waffle_Crew-Burgundy_001.jpg?v=1753287795
352,20.0,www.taylorstitch.com,organic-cotton-waffle-crew-dark-navy-2310,The Organic Cotton Crew in Dark Navy Waffle,Taylor Stitch,Knits,85.00,,,True,2025-09-24,,,0.0,0.0,20.0,0.0,0.0,https://www.taylorstitch.com/products/organic-cotton-waffle-crew-dark-navy-2310,https://cdn.shopify.com/s/files/1/0070/1922/files/organic-cotton-waffle-crew-dark-navy-2310_001.jpg?v=1790611995
353,20.0,www.taylorstitch.com,organic-cotton-crew-in-faded-black-waffle-2509,The Organic Cotton Crew in Faded Black Waffle,Taylor Stitch,Knits,85.00,,,True,2025-07-28,,,0.0,0.0,20.0,0.0,0.0,https://www.taylorstitch.com/products/organic-cotton-crew-in-faded-black-waffle-2509,https://cdn.shopify.com/s/files/1/0070/1922/files/organic-cotton-crew-in-faded-black-waffle-2509_001.jpg?v=1790611930
354,20.0,www.taylorstitch.com,organic-cotton-waffle-crew-in-fatigue-olive-2310,The Organic Cotton Crew in Fatigue Olive Waffle,Taylor Stitch,Knits,85.00,,,True,2025-07-28,,,0.0,0.0,20.0,0.0,0.0,https://www.taylorstitch.com/products/organic-cotton-waffle-crew-in-fatigue-olive-2310,https://cdn.shopify.com/s/files/1/0070/1922/files/organic-cotton-waffle-crew-in-fatigue-olive-2310_001.jpg?v=1790611997
355,20.0,www.taylorstitch.com,organic-cotton-waffle-crew-in-natural-2310,The Organic Cotton Crew in Vintage White Waffle,Taylor Stitch,Knits,85.00,,,True,2025-07-28,,,0.0,0.0,20.0,0.0,0.0,https://www.taylorstitch.com/products/organic-cotton-waffle-crew-in-natural-2310,https://cdn.shopify.com/s/files/1/0070/1922/files/organic-cotton-waffle-crew-in-natural-2310_001.jpg?v=1790612001
356,20.0,www.taylorstitch.com,organic-cotton-shop-tee-in-faded-black-stripe-2504,The Organic Cotton Shop Tee in Faded Black Stripe,Taylor Stitch,Knits,42.00,,,False,2025-04-17,,,0.0,0.0,20.0,0.0,0.0,https://www.taylorstitch.com/products/organic-cotton-shop-tee-in-faded-black-stripe-2504,https://cdn.shopify.com/s/files/1/0070/1922/files/organic-cotton-shop-tee-in-faded-black-stripe-2504_001.jpg?v=1790611950
357,20.0,www.taylorstitch.com,organic-cotton-short-sleeve-crew-in-faded-black-waffle-2507,The Organic Cotton Short Sleeve Crew in Faded Black Waffle,Taylor Stitch,Knits,70.00,,,True,2025-07-14,,,0.0,0.0,20.0,0.0,0.0,https://www.taylorstitch.com/products/organic-cotton-short-sleeve-crew-in-faded-black-waffle-2507,https://cdn.shopify.com/s/files/1/0070/1922/files/organic-cotton-short-sleeve-crew-in-faded-black-waffle-2507_001.jpg?v=1790611967
358,20.0,www.taylorstitch.com,organic-cotton-short-sleeve-crew-in-fatigue-olive-waffle-2507,The Organic Cotton Short Sleeve Crew in Fatigue Olive Waffle,Taylor Stitch,Knits,70.00,,,True,2025-07-14,,,0.0,0.0,20.0,0.0,0.0,https://www.taylorstitch.com/products/organic-cotton-short-sleeve-crew-in-fatigue-olive-waffle-2507,https://cdn.shopify.com/s/files/1/0070/1922/files/organic-cotton-short-sleeve-crew-in-fatigue-olive-waffle-2507_001.jpg?v=1790611971
359,20.0,www.taylorstitch.com,organic-cotton-tee-in-black-2507,The Organic Cotton Tee in Black,Taylor Stitch,Knits,55.00,,,True,2025-07-03,,,0.0,0.0,20.0,0.0,0.0,https://www.taylorstitch.com/products/organic-cotton-tee-in-black-2507,https://cdn.shopify.com/s/files/1/0070/1922/files/organic-cotton-tee-in-black-2507_001.jpg?v=1790611977
360,20.0,www.taylorstitch.com,organic-cotton-tee-in-white-2507,The Organic Cotton Tee in White,Taylor Stitch,Knits,55.00,,,True,2025-07-03,,,0.0,0.0,20.0,0.0,0.0,https://www.taylorstitch.com/products/organic-cotton-tee-in-white-2507,https://cdn.shopify.com/s/files/1/0070/1922/files/organic-cotton-tee-in-white-2507_001.jpg?v=1790611994
361,20.0,www.taylorstitch.com,pacific-polo-in-black-indigo-pique-2505,The Pacific Polo in Black Indigo Pique,Taylor Stitch,Knits,58.80,,,False,2025-06-20,,,0.0,0.0,20.0,0.0,0.0,https://www.taylorstitch.com/products/pacific-polo-in-black-indigo-pique-2505,https://cdn.shopify.com/s/files/1/0070/1922/files/instock_m_q225_The_Pacific_Polo-BlackIndigoPique_portrait_001.jpg?v=1762276176
362,20.0,www.taylorstitch.com,pacific-polo-in-washed-indigo-pique-2505,The Pacific Polo in Washed Indigo Pique,Taylor Stitch,Knits,58.80,,,False,2025-06-20,,,0.0,0.0,20.0,0.0,0.0,https://www.taylorstitch.com/products/pacific-polo-in-washed-indigo-pique-2505,https://cdn.shopify.com/s/files/1/0070/1922/files/instock_m_q225_The_Pacific_Polo-WashedIndigoPique_portrait_001.jpg?v=1762276176
363,20.0,www.taylorstitch.com,point-shirt-in-burgundy-linen-tweed-2504,The Point Shirt in Burgundy Linen Tweed,Taylor Stitch,Wovens,82.80,,,False,2025-03-31,,,0.0,0.0,20.0,0.0,0.0,https://www.taylorstitch.com/products/point-shirt-in-burgundy-linen-tweed-2504,https://cdn.shopify.com/s/files/1/0070/1922/files/instock_m_q225_The_Point_Shirt-BurgundyLinenTweed_portrait_001.jpg?v=1762276150
364,20.0,www.taylorstitch.com,point-shirt-in-oat-heather-linen-tweed-2404,The Point Shirt in Heather Oat Linen Tweed,Taylor Stitch,Wovens,82.80,,,False,2025-03-31,,,0.0,0.0,20.0,0.0,0.0,https://www.taylorstitch.com/products/point-shirt-in-oat-heather-linen-tweed-2404,https://cdn.shopify.com/s/files/1/0070/1922/files/instock_m_q224_point_heatheroat_linentweed_001.jpg?v=1762273649
365,20.0,www.taylorstitch.com,ridgeline-half-zip-in-field-olive-2508,The Ridgeline Merino Half Zip in Field Olive,Taylor Stitch,Knits,79.00,,,False,2025-08-20,,,0.0,0.0,20.0,0.0,0.0,https://www.taylorstitch.com/products/ridgeline-half-zip-in-field-olive-2508,https://cdn.shopify.com/s/files/1/0070/1922/files/instock_m_q325_The_Ridgeline_Merino_Half_Zip-FieldOlive_portrait_001.jpg?v=1754598460
366,20.0,www.taylorstitch.com,ridgeline-merino-hoodie-in-coal-2508,The Ridgeline Merino Hoodie in Coal,Taylor Stitch,Knits,82.80,,,False,2025-08-20,,,0.0,0.0,20.0,0.0,0.0,https://www.taylorstitch.com/products/ridgeline-merino-hoodie-in-coal-2508,https://cdn.shopify.com/s/files/1/0070/1922/files/instock_m_q325_The_Ridgeline_Merino_Hoodie-Coal_portrait_001.jpg?v=1754598929
367,20.0,www.taylorstitch.com,ridgeline-short-in-coal-2408,The Ridgeline Short in Coal,Taylor Stitch,Bottoms,49.00,,,False,2025-08-20,,,0.0,0.0,20.0,0.0,0.0,https://www.taylorstitch.com/products/ridgeline-short-in-coal-2408,https://cdn.shopify.com/s/files/1/0070/1922/files/instock_m_q324_The_Ridgeline_Short-Coal_001.jpg?v=1762273988
368,20.0,www.taylorstitch.com,short-sleeve-california-in-blue-agave-2506,The Short Sleeve California in Blue Agave,Taylor Stitch,Wovens,76.80,,,False,2025-06-18,,,0.0,0.0,20.0,0.0,0.0,https://www.taylorstitch.com/products/short-sleeve-california-in-blue-agave-2506,https://cdn.shopify.com/s/files/1/0070/1922/files/instock_m_q225_ss_california_blueagave_portrait_001.jpg?v=1762276172
369,20.0,www.taylorstitch.com,short-sleeve-california-in-cilantro-hemp-2504,The Short Sleeve California in Cilantro Hemp,Taylor Stitch,Wovens,70.80,,,False,2025-04-14,,,0.0,0.0,20.0,0.0,0.0,https://www.taylorstitch.com/products/short-sleeve-california-in-cilantro-hemp-2504,https://cdn.shopify.com/s/files/1/0070/1922/files/instock_m_q225_The_Short_Sleeve_California-CilantroHemp_portrait_001.jpg?v=1762276163
370,20.0,www.taylorstitch.com,short-sleeve-california-in-fired-clay-hemp-2504,The Short Sleeve California in Fired Clay Hemp,Taylor Stitch,Wovens,70.80,,,False,2025-04-14,,,0.0,0.0,20.0,0.0,0.0,https://www.taylorstitch.com/products/short-sleeve-california-in-fired-clay-hemp-2504,https://cdn.shopify.com/s/files/1/0070/1922/files/instock_m_q225_The_Short_Sleeve_California-FiredClayHemp_portrait_001.jpg?v=1762276162
371,20.0,www.taylorstitch.com,short-sleeve-california-in-heather-ash-pointelle-stripe-2404,The Short Sleeve California in Heather Ash Pointelle Stripe,Taylor Stitch,Knits,49.00,,,False,2025-04-30,,,0.0,0.0,20.0,0.0,0.0,https://www.taylorstitch.com/products/short-sleeve-california-in-heather-ash-pointelle-stripe-2404,https://cdn.shopify.com/s/files/1/0070/1922/files/instock_m_q224_SS_California_In_HeatherAshPointelleStripe_001.jpg?v=1762273657
372,20.0,www.taylorstitch.com,short-sleeve-california-in-heather-coal-cord-2505,The Short Sleeve California in Heather Coal Cord,Taylor Stitch,Wovens,70.80,,,False,2025-05-19,,,0.0,0.0,20.0,0.0,0.0,https://www.taylorstitch.com/products/short-sleeve-california-in-heather-coal-cord-2505,https://cdn.shopify.com/s/files/1/0070/1922/files/instock_m_q225_California-HeatherCoalCord_portrait_001.jpg?v=1762276153
373,20.0,www.taylorstitch.com,short-sleeve-california-in-moss-heather-cord-2404,The Short Sleeve California in Heather Moss Cord,Taylor Stitch,Wovens,59.00,,,False,2025-05-19,,,0.0,0.0,20.0,0.0,0.0,https://www.taylorstitch.com/products/short-sleeve-california-in-moss-heather-cord-2404,https://cdn.shopify.com/s/files/1/0070/1922/files/instock_m_q124_ss_california_moss_heather_cord_001.jpg?v=1762273660
374,20.0,www.taylorstitch.com,short-sleeve-california-in-heather-oat-cord-2505,The Short Sleeve California in Heather Oat Cord,Taylor Stitch,Wovens,70.80,,,False,2025-05-19,,,0.0,0.0,20.0,0.0,0.0,https://www.taylorstitch.com/products/short-sleeve-california-in-heather-oat-cord-2505,https://cdn.shopify.com/s/files/1/0070/1922/files/instock_m_q225_The_Short_Sleeve_California-HeatherOatCord_portrait_001.jpg?v=1762276153
375,20.0,www.taylorstitch.com,short-sleeve-california-in-heather-olive-pointelle-stripe-2404,The Short Sleeve California in Heather Olive Pointelle Stripe,Taylor Stitch,Knits,49.00,,,False,2025-04-30,,,0.0,0.0,20.0,0.0,0.0,https://www.taylorstitch.com/products/short-sleeve-california-in-heather-olive-pointelle-stripe-2404,https://cdn.shopify.com/s/files/1/0070/1922/files/instock_m_q224_The_Short_Sleeve_California-HeatherOlivePointelleStripe_001.jpg?v=1762273657
376,20.0,www.taylorstitch.com,short-sleeve-california-in-morel-hemp-2504,The Short Sleeve California in Morel Hemp,Taylor Stitch,Wovens,70.80,,,False,2025-04-14,,,0.0,0.0,20.0,0.0,0.0,https://www.taylorstitch.com/products/short-sleeve-california-in-morel-hemp-2504,https://cdn.shopify.com/s/files/1/0070/1922/files/instock_m_q225_The_Short_Sleeve_California-MorelHemp_portrait_001.jpg?v=1762276163
377,20.0,www.taylorstitch.com,short-sleeve-california-in-pepper-twist-2504,The Short Sleeve California in Pepper Twist,Taylor Stitch,Knits,58.80,,,False,2025-04-02,,,0.0,0.0,20.0,0.0,0.0,https://www.taylorstitch.com/products/short-sleeve-california-in-pepper-twist-2504,https://cdn.shopify.com/s/files/1/0070/1922/files/instock_m_q225_The_Short_Sleeve_California-PepperTwist_portrait_001.jpg?v=1762276173
378,20.0,www.taylorstitch.com,short-sleeve-carter-in-hibiscus-2506,The Short Sleeve Carter in Hibiscus,Taylor Stitch,Wovens,76.80,,,False,2025-06-18,,,0.0,0.0,20.0,0.0,0.0,https://www.taylorstitch.com/products/short-sleeve-carter-in-hibiscus-2506,https://cdn.shopify.com/s/files/1/0070/1922/files/instock_m_q225_ss_carter_hibiscus_portrait_001.jpg?v=1762276172
379,20.0,www.taylorstitch.com,short-sleeve-jack-in-faded-black-seersucker-2406,The Short Sleeve Jack in Faded Black Seersucker,Taylor Stitch,Wovens,54.00,,,False,2025-05-05,,,0.0,0.0,20.0,0.0,0.0,https://www.taylorstitch.com/products/short-sleeve-jack-in-faded-black-seersucker-2406,https://cdn.shopify.com/s/files/1/0070/1922/files/instock_m_q224_ss_jack_black_seersucker_001.jpg?v=1762273695
380,20.0,www.taylorstitch.com,short-sleeve-mechanic-shirt-in-rinsed-indigo-denim-2504,The Short Sleeve Mechanic Shirt in Rinsed Indigo Denim,Taylor Stitch,Wovens,76.80,,,False,2025-04-17,,,0.0,0.0,20.0,0.0,0.0,https://www.taylorstitch.com/products/short-sleeve-mechanic-shirt-in-rinsed-indigo-denim-2504,https://cdn.shopify.com/s/files/1/0070/1922/files/instock_m_q225_The_Short_Sleeve_Mechanic_Shirt-RinsedIndigoDenim_portrait_001.jpg?v=1762276156
381,20.0,www.taylorstitch.com,slim-foundation-pant-in-organic-navy-twill-2501,The Slim Foundation Pant in Organic Navy,Taylor Stitch,Bottoms,69.00,,,False,2025-06-26,,,0.0,0.0,20.0,0.0,0.0,https://www.taylorstitch.com/products/slim-foundation-pant-in-organic-navy-twill-2501,https://cdn.shopify.com/s/files/1/0070/1922/files/slim-foundation-pant-in-organic-navy-twill-2501_001.jpg?v=1790612219
382,20.0,www.taylorstitch.com,slub-tee-in-black-indigo-2505,The Slub Tee in Black Indigo,Taylor Stitch,Knits,60.00,,,True,2025-05-09,,,0.0,0.0,20.0,0.0,0.0,https://www.taylorstitch.com/products/slub-tee-in-black-indigo-2505,https://cdn.shopify.com/s/files/1/0070/1922/files/slub-tee-in-black-indigo-2505_001.jpg?v=1790612237
383,20.0,www.taylorstitch.com,slub-tee-in-rinsed-indigo-2402,The Slub Tee in Rinsed Indigo,Taylor Stitch,Knits,60.00,,,True,2025-05-20,,,0.0,0.0,20.0,0.0,0.0,https://www.taylorstitch.com/products/slub-tee-in-rinsed-indigo-2402,https://cdn.shopify.com/s/files/1/0070/1922/files/slub-tee-in-rinsed-indigo-2402_001.jpg?v=1790612241
384,20.0,www.taylorstitch.com,slub-tee-in-dyed-indigo-2304,The Slub Tee in Washed Indigo,Taylor Stitch,Knits,60.00,,,True,2025-05-23,,,0.0,0.0,20.0,0.0,0.0,https://www.taylorstitch.com/products/slub-tee-in-dyed-indigo-2304,https://cdn.shopify.com/s/files/1/0070/1922/products/slub-tee-in-dyed-indigo-2304_001.jpg?v=1790612239
385,20.0,www.taylorstitch.com,tommie-short-in-faded-black-broken-twill-2506,The Tommie Short in Faded Black Broken Twill,Taylor Stitch,Bottoms,76.80,,,False,2025-06-24,,,0.0,0.0,20.0,0.0,0.0,https://www.taylorstitch.com/products/tommie-short-in-faded-black-broken-twill-2506,https://cdn.shopify.com/s/files/1/0070/1922/files/instock_m_q225_tommie_short_faded_black_broken_twill_portrait_001.jpg?v=1762276186
386,20.0,www.taylorstitch.com,utility-shirt-in-rinsed-indigo-nep-2505,The Utility Shirt in Rinsed Indigo Nep,Taylor Stitch,Wovens,67.50,,,False,2025-05-12,,,0.0,0.0,20.0,0.0,0.0,https://www.taylorstitch.com/products/utility-shirt-in-rinsed-indigo-nep-2505,https://cdn.shopify.com/s/files/1/0070/1922/files/instock_m_q225_The_Utility_Shirt-RinsedIndigoNep_portrait_001.jpg?v=1762276160
387,20.0,www.taylorstitch.com,valencia-sweater-polo-in-coal-scallop-2505,The Valencia Sweater Polo in Coal Scallop,Taylor Stitch,Knits,88.80,,,False,2025-06-03,,,0.0,0.0,20.0,0.0,0.0,https://www.taylorstitch.com/products/valencia-sweater-polo-in-coal-scallop-2505,https://cdn.shopify.com/s/files/1/0070/1922/files/instock_m_q225_valencia_sweaterpolo_coalscallop_portrait_001.jpg?v=1762275895
388,20.0,www.taylorstitch.com,valencia-sweater-polo-in-dark-navy-rib-2503,The Valencia Sweater Polo in Dark Navy Rib,Taylor Stitch,Knits,79.20,,,False,2025-03-13,,,0.0,0.0,20.0,0.0,0.0,https://www.taylorstitch.com/products/valencia-sweater-polo-in-dark-navy-rib-2503,https://cdn.shopify.com/s/files/1/0070/1922/files/7307484725325_valencia-sweater-polo-in-dark-navy-rib-2503_01_tsio.jpg?v=1762275263
389,20.0,www.taylorstitch.com,valencia-sweater-polo-in-dried-cherry-rib-2503,The Valencia Sweater Polo in Dried Cherry Rib,Taylor Stitch,Knits,79.20,,,False,2025-03-13,,,0.0,0.0,20.0,0.0,0.0,https://www.taylorstitch.com/products/valencia-sweater-polo-in-dried-cherry-rib-2503,https://cdn.shopify.com/s/files/1/0070/1922/files/7307484758093_valencia-sweater-polo-in-dried-cherry-rib-2503_01_tsio.jpg?v=1762275264
390,20.0,www.taylorstitch.com,valencia-sweater-polo-in-heather-oat-rib-2503,The Valencia Sweater Polo in Heather Oat Rib,Taylor Stitch,Knits,79.20,,,False,2025-03-13,,,0.0,0.0,20.0,0.0,0.0,https://www.taylorstitch.com/products/valencia-sweater-polo-in-heather-oat-rib-2503,https://cdn.shopify.com/s/files/1/0070/1922/files/7307484790861_valencia-sweater-polo-in-heather-oat-rib-2503_01_tsio.jpg?v=1762275264
391,20.0,www.taylorstitch.com,weber-shirt-in-vintage-white-2504,The Weber Shirt in Vintage White,Taylor Stitch,Wovens,76.80,,,False,2025-04-23,,,0.0,0.0,20.0,0.0,0.0,https://www.taylorstitch.com/products/weber-shirt-in-vintage-white-2504,https://cdn.shopify.com/s/files/1/0070/1922/files/instock_m_q225_weber_vintagewhite_portrait_001.jpg?v=1762276158
392,20.0,www.taylorstitch.com,yosemite-shirt-in-heather-sable-buffalo-check-2510,The Yosemite Shirt in Heather Sable Buffalo Check,Taylor Stitch,Wovens,82.80,,,False,2025-10-03,,,0.0,0.0,20.0,0.0,0.0,https://www.taylorstitch.com/products/yosemite-shirt-in-heather-sable-buffalo-check-2510,https://cdn.shopify.com/s/files/1/0070/1922/files/yosemite-shirt-in-heather-sable-buffalo-check-2510_001.jpg?v=1790612455
393,20.0,www.taylorstitch.com,yosemite-shirt-in-oat-donegal-2408,The Yosemite Shirt in Oat Donegal,Taylor Stitch,Wovens,82.80,,,True,2025-10-03,,,0.0,0.0,20.0,0.0,0.0,https://www.taylorstitch.com/products/yosemite-shirt-in-oat-donegal-2408,https://cdn.shopify.com/s/files/1/0070/1922/files/instock_m_q424_The_Yosemite_Shirt-OatDonegal_001.jpg?v=1759442539
394,20.0,www.taylorstitch.com,yosemite-shirt-in-port-plaid-2508,The Yosemite Shirt in Port Plaid,Taylor Stitch,Wovens,82.80,,,False,2025-07-29,,,0.0,0.0,20.0,0.0,0.0,https://www.taylorstitch.com/products/yosemite-shirt-in-port-plaid-2508,https://cdn.shopify.com/s/files/1/0070/1922/files/instock_m_q325_The_Yosemite_Shirt-PortPlaid_portrait_001.jpg?v=1753406447
395,20.0,www.taylorstitch.com,yosemite-shirt-in-slate-2410,The Yosemite Shirt in Slate,Taylor Stitch,Wovens,82.80,,,False,2025-10-03,,,0.0,0.0,20.0,0.0,0.0,https://www.taylorstitch.com/products/yosemite-shirt-in-slate-2410,https://cdn.shopify.com/s/files/1/0070/1922/files/yosemite-shirt-in-slate-2410_001.jpg?v=1790612456
396,20.0,www.taylorstitch.com,yosemite-shirt-in-summit-orange-2510,The Yosemite Shirt in Summit Orange,Taylor Stitch,Wovens,69.00,,,False,2025-10-03,,,0.0,0.0,20.0,0.0,0.0,https://www.taylorstitch.com/products/yosemite-shirt-in-summit-orange-2510,https://cdn.shopify.com/s/files/1/0070/1922/files/yosemite-shirt-in-summit-orange-2510_001.jpg?v=1790612461
397,20.0,www.taylorstitch.com,yosemite-shirt-in-wetlands-plaid-2508,The Yosemite Shirt in Wetlands Plaid,Taylor Stitch,Wovens,82.80,,,False,2025-07-29,,,0.0,0.0,20.0,0.0,0.0,https://www.taylorstitch.com/products/yosemite-shirt-in-wetlands-plaid-2508,https://cdn.shopify.com/s/files/1/0070/1922/files/instock_m_q325_The_Yosemite_Shirt-WetlandsPlaid_portrait_001.jpg?v=1753406847
398,20.0,www.taylorstitch.com,utility-shirt-in-bourbon-corduroy-2511,The Utility Shirt in Bourbon Corduroy,Taylor Stitch,Wovens,93.00,,,False,2025-10-23,,,0.0,0.0,19.3,0.6,0.0,https://www.taylorstitch.com/products/utility-shirt-in-bourbon-corduroy-2511,https://cdn.shopify.com/s/files/1/0070/1922/files/instock_m_q425_utility_bourboncorduroy_portrait_001.jpg?v=1760983879
399,20.0,www.taylorstitch.com,utility-shirt-in-burgundy-corduroy-2410,The Utility Shirt in Burgundy Corduroy,Taylor Stitch,Wovens,93.00,,,False,2025-10-23,,,0.0,0.0,19.3,0.6,0.0,https://www.taylorstitch.com/products/utility-shirt-in-burgundy-corduroy-2410,https://cdn.shopify.com/s/files/1/0070/1922/files/instock_m_q424_The_Utility_Shirt-BurgundyCorduroy_001.jpg?v=1760979055
400,20.0,www.taylorstitch.com,utility-shirt-in-fatigue-olive-corduroy-2511,The Utility Shirt in Fatigue Olive Corduroy,Taylor Stitch,Wovens,93.00,,,False,2025-10-23,,,0.0,0.0,19.3,0.6,0.0,https://www.taylorstitch.com/products/utility-shirt-in-fatigue-olive-corduroy-2511,https://cdn.shopify.com/s/files/1/0070/1922/files/instock_m_q425_utility_fatigueolivecorduroy_portrait_001.jpg?v=1760984457
401,19.9,www.taylorstitch.com,jack-in-coal-jaspe-check-oxford-2212,The Jack in Coal Jaspe Check Oxford,Taylor Stitch,Wovens,94.50,,,False,2025-10-28,,,0.0,0.0,19.0,0.9,0.0,https://www.taylorstitch.com/products/jack-in-coal-jaspe-check-oxford-2212,https://cdn.shopify.com/s/files/1/0070/1922/products/jack-in-coal-jaspe-check-oxford-2212_001.jpg?v=1790611620
402,19.9,www.taylorstitch.com,jack-in-coal-jaspe-university-stripe-oxford-2212,The Jack in Coal Jaspe University Stripe Oxford,Taylor Stitch,Wovens,94.50,,,False,2025-10-28,,,0.0,0.0,19.0,0.9,0.0,https://www.taylorstitch.com/products/jack-in-coal-jaspe-university-stripe-oxford-2212,https://cdn.shopify.com/s/files/1/0070/1922/products/jack-in-coal-jaspe-university-stripe-oxford-2212_001.jpg?v=1790611623
403,19.7,www.taylorstitch.com,tiller-half-zip-in-greyscale-hemp-jaspe-2609,The Tiller Half Zip in Greyscale Hemp Jaspe,Taylor Stitch,Wovens,158.00,,,True,2026-09-04,,,0.0,0.0,4.9,14.8,0.0,https://www.taylorstitch.com/products/tiller-half-zip-in-greyscale-hemp-jaspe-2609,https://cdn.shopify.com/s/files/1/0070/1922/files/tiller-half-zip-in-greyscale-hemp-jaspe-2609_001.jpg?v=1790612381
404,19.6,www.taylorstitch.com,conrad-shirt-in-faded-black-linen-2505,The Conrad Shirt in Faded Black Linen,Taylor Stitch,Wovens,128.00,,,False,2026-04-07,,,0.0,0.0,11.6,8.1,0.0,https://www.taylorstitch.com/products/conrad-shirt-in-faded-black-linen-2505,https://cdn.shopify.com/s/files/1/0070/1922/files/conrad-shirt-in-faded-black-linen-2505_001.jpg?v=1790611232
405,19.6,www.taylorstitch.com,cpo-overshirt-in-indigo-ash-wool-herringbone-2602,The CPO Overshirt in Indigo Ash Wool Herringbone,Taylor Stitch,Wovens,112.80,,,False,2026-01-21,,,0.0,0.0,14.9,4.7,0.0,https://www.taylorstitch.com/products/cpo-overshirt-in-indigo-ash-wool-herringbone-2602,https://cdn.shopify.com/s/files/1/0070/1922/files/cpo-overshirt-in-indigo-ash-wool-herringbone-2602_001.jpg?v=1790611267
406,19.5,www.taylorstitch.com,squall-anorak-in-navy-twill-2605,The Squall Anorak in Navy Twill,Taylor Stitch,Outerwear,131.60,,,True,2026-04-22,,,0.0,0.0,10.8,8.7,0.0,https://www.taylorstitch.com/products/squall-anorak-in-navy-twill-2605,https://cdn.shopify.com/s/files/1/0070/1922/files/squall-anorak-in-navy-twill-2605_001.jpg?v=1790612250
407,19.3,www.taylorstitch.com,utility-shirt-in-cypress-sashiko-2409,The Utility Shirt in Cypress Sashiko,Taylor Stitch,Wovens,93.00,,,True,2025-08-29,,,0.0,0.0,19.3,0.0,0.0,https://www.taylorstitch.com/products/utility-shirt-in-cypress-sashiko-2409,https://cdn.shopify.com/s/files/1/0070/1922/files/instock_m_q324_utility_cypresssashiko_001.jpg?v=1762274036
408,19.2,www.taylorstitch.com,longshore-jacket-in-tobacco-chipped-canvas-2602,The Longshore Jacket in Tobacco Chipped Canvas,Taylor Stitch,Outerwear,118.80,,,False,2026-02-11,,,0.0,0.0,13.6,5.6,0.0,https://www.taylorstitch.com/products/longshore-jacket-in-tobacco-chipped-canvas-2602,https://cdn.shopify.com/s/files/1/0070/1922/files/longshore-jacket-in-tobacco-chipped-canvas-2602_001.jpg?v=1790611801
409,19.2,www.taylorstitch.com,jack-in-rinsed-indigo-japanese-jacquard-dot-2608,The Jack in Rinsed Indigo Japanese Jacquard Dot,Taylor Stitch,Wovens,158.00,,,True,2026-08-24,,,0.0,0.0,4.9,14.3,0.0,https://www.taylorstitch.com/products/jack-in-rinsed-indigo-japanese-jacquard-dot-2608,https://cdn.shopify.com/s/files/1/0070/1922/files/jack-in-rinsed-indigo-japanese-jacquard-dot-2608_001.jpg?v=1790611690
410,19.1,www.taylorstitch.com,roamer-pant-in-navy-broken-twill-2605,The Roamer Pant in Navy Broken Twill,Taylor Stitch,Bottoms,138.00,,,True,2026-05-15,,,0.0,0.0,9.3,9.8,0.0,https://www.taylorstitch.com/products/roamer-pant-in-navy-broken-twill-2605,https://cdn.shopify.com/s/files/1/0070/1922/files/roamer-pant-in-navy-broken-twill-2605_001.jpg?v=1790612053
411,19.1,www.taylorstitch.com,roamer-pant-in-smoked-olive-broken-twill-2605,The Roamer Pant in Smoked Olive Broken Twill,Taylor Stitch,Bottoms,138.00,,,True,2026-05-15,,,0.0,0.0,9.3,9.8,0.0,https://www.taylorstitch.com/products/roamer-pant-in-smoked-olive-broken-twill-2605,https://cdn.shopify.com/s/files/1/0070/1922/files/roamer-pant-in-smoked-olive-broken-twill-2605_001.jpg?v=1790612056
412,18.9,www.taylorstitch.com,baja-pullover-in-washed-indigo-terry-2604,The Baja Pullover in Washed Indigo Terry,Taylor Stitch,Knits,138.00,,,True,2026-05-11,,,0.0,0.0,9.3,9.6,0.0,https://www.taylorstitch.com/products/baja-pullover-in-washed-indigo-terry-2604,https://cdn.shopify.com/s/files/1/0070/1922/files/baja-pullover-in-washed-indigo-terry-2604_001.jpg?v=1790611071
413,18.8,www.taylorstitch.com,cutter-overshirt-in-ocean-plaid-2601,The Cutter Overshirt in Ocean Plaid,Taylor Stitch,Wovens,124.60,,,False,2026-03-03,,,0.0,0.0,12.3,6.5,0.0,https://www.taylorstitch.com/products/cutter-overshirt-in-ocean-plaid-2601,https://cdn.shopify.com/s/files/1/0070/1922/files/cutter-overshirt-in-ocean-plaid-2601_001.jpg?v=1790611338
414,18.8,www.taylorstitch.com,cutter-overshirt-in-sage-plaid-2601,The Cutter Overshirt in Sage Plaid,Taylor Stitch,Wovens,124.60,,,False,2026-03-03,,,0.0,0.0,12.3,6.5,0.0,https://www.taylorstitch.com/products/cutter-overshirt-in-sage-plaid-2601,https://cdn.shopify.com/s/files/1/0070/1922/files/cutter-overshirt-in-sage-plaid-2601_001.jpg?v=1790611341
415,18.8,www.taylorstitch.com,cutter-overshirt-in-salmon-plaid-2601,The Cutter Overshirt in Salmon Plaid,Taylor Stitch,Wovens,124.60,,,False,2026-03-03,,,0.0,0.0,12.3,6.5,0.0,https://www.taylorstitch.com/products/cutter-overshirt-in-salmon-plaid-2601,https://cdn.shopify.com/s/files/1/0070/1922/files/cutter-overshirt-in-salmon-plaid-2601_001.jpg?v=1790611344
416,18.7,www.taylorstitch.com,short-sleeve-surplus-shirt-in-field-olive-reverse-sateen-2603,The Short Sleeve Surplus Shirt in Field Olive Reverse Sateen,Taylor Stitch,Wovens,138.00,,,True,2026-05-07,,,0.0,0.0,9.3,9.4,0.0,https://www.taylorstitch.com/products/short-sleeve-surplus-shirt-in-field-olive-reverse-sateen-2603,https://cdn.shopify.com/s/files/1/0070/1922/files/short-sleeve-surplus-shirt-in-field-olive-reverse-sateen-2603_001.jpg?v=1790612200
417,18.7,www.taylorstitch.com,short-sleeve-jack-in-sage-linen-2606,The Short Sleeve Jack in Sage Linen,Taylor Stitch,Wovens,135.00,,,True,2026-04-22,,,0.0,0.0,10.0,8.7,0.0,https://www.taylorstitch.com/products/short-sleeve-jack-in-sage-linen-2606,https://cdn.shopify.com/s/files/1/0070/1922/files/short-sleeve-jack-in-sage-linen-2606_001.jpg?v=1790612182
418,18.7,www.taylorstitch.com,utility-shirt-in-seaside-check-sashiko-2609,The Utility Shirt in Seaside Check Sashiko,Taylor Stitch,Wovens,155.00,,,True,2026-07-30,,,0.0,0.0,5.6,13.2,0.0,https://www.taylorstitch.com/products/utility-shirt-in-seaside-check-sashiko-2609,https://cdn.shopify.com/s/files/1/0070/1922/files/utility-shirt-in-seaside-check-sashiko-2609_001.jpg?v=1790612407
419,18.7,www.taylorstitch.com,jack-in-coal-plaid-waffle-2510,The Jack in Coal Plaid Waffle,Taylor Stitch,Wovens,96.60,,,True,2025-10-13,,,0.0,0.0,18.5,0.2,0.0,https://www.taylorstitch.com/products/jack-in-coal-plaid-waffle-2510,https://cdn.shopify.com/s/files/1/0070/1922/files/jack-in-coal-plaid-waffle-2510_001.jpg?v=1790611626
420,18.5,www.taylorstitch.com,jack-in-forest-waffle-2310,The Jack in Forest Waffle,Taylor Stitch,Wovens,96.60,,,True,2025-07-14,,,0.0,0.0,18.5,0.0,0.0,https://www.taylorstitch.com/products/jack-in-forest-waffle-2310,https://cdn.shopify.com/s/files/1/0070/1922/files/jack-in-forest-waffle-2310_001.jpg?v=1790611646
421,18.4,www.taylorstitch.com,surplus-short-in-field-olive-reverse-sateen-2603,The Surplus Short in Field Olive Reverse Sateen,Taylor Stitch,Bottoms,128.00,,,True,2026-03-11,,,0.0,0.0,11.6,6.9,0.0,https://www.taylorstitch.com/products/surplus-short-in-field-olive-reverse-sateen-2603,https://cdn.shopify.com/s/files/1/0070/1922/files/surplus-short-in-field-olive-reverse-sateen-2603_001.jpg?v=1790612346
422,18.4,www.taylorstitch.com,surplus-short-in-navy-reverse-sateen-2603,The Surplus Short in Navy Reverse Sateen,Taylor Stitch,Bottoms,128.00,,,True,2026-03-11,,,0.0,0.0,11.6,6.9,0.0,https://www.taylorstitch.com/products/surplus-short-in-navy-reverse-sateen-2603,https://cdn.shopify.com/s/files/1/0070/1922/files/surplus-short-in-navy-reverse-sateen-2603_001.jpg?v=1790612349
423,18.1,www.taylorstitch.com,glacier-shirt-in-washed-indigo-selvedge-denim-2607,The Glacier Shirt in Washed Indigo Selvedge Denim,Taylor Stitch,Wovens,158.00,,,True,2026-07-30,,,0.0,0.0,4.9,13.2,0.0,https://www.taylorstitch.com/products/glacier-shirt-in-washed-indigo-selvedge-denim-2607,https://cdn.shopify.com/s/files/1/0070/1922/files/glacier-shirt-in-washed-indigo-selvedge-denim-2607_001.jpg?v=1790611552
424,18.0,www.taylorstitch.com,eddy-cardigan-in-heather-charcoal-herringbone-2508,The Eddy Cardigan in Heather Charcoal Herringbone,Taylor Stitch,Knits,99.00,,,False,2025-08-01,,,0.0,0.0,18.0,0.0,0.0,https://www.taylorstitch.com/products/eddy-cardigan-in-heather-charcoal-herringbone-2508,https://cdn.shopify.com/s/files/1/0070/1922/files/instock_m_q325_The_Eddy_Cardigan-HeatherCharcoalHerringbone_portrait_001.jpg?v=1753469793
425,18.0,www.taylorstitch.com,foundation-sportcoat-in-organic-espresso-twill-2507,The Foundation Sportcoat in Organic Espresso Twill,Taylor Stitch,Outerwear,99.00,,,False,2025-07-07,,,0.0,0.0,18.0,0.0,0.0,https://www.taylorstitch.com/products/foundation-sportcoat-in-organic-espresso-twill-2507,https://cdn.shopify.com/s/files/1/0070/1922/files/instock_m_q325_FoundationSportcoat-EspressoTwill_portrait_001.jpg?v=1762276701
426,18.0,www.taylorstitch.com,maritime-shirt-jacket-in-dark-navy-moleskin-twill-2509,The Maritime Shirt Jacket in Dark Navy Moleskin Twill,Taylor Stitch,Outerwear,99.00,,,False,2025-09-15,,,0.0,0.0,18.0,0.0,0.0,https://www.taylorstitch.com/products/maritime-shirt-jacket-in-dark-navy-moleskin-twill-2509,https://cdn.shopify.com/s/files/1/0070/1922/files/instock_m_q325_The_Maritime_Shirt_Jacket-DarkNavyMoleskinTwill_portrait_001.jpg?v=1757607090
427,17.7,www.taylorstitch.com,maritime-shirt-jacket-in-burgundy-plaid-2310,The Maritime Shirt Jacket in Burgundy Plaid Wool,Taylor Stitch,Wovens,104.00,,,False,2025-10-28,,,0.0,0.0,16.9,0.9,0.0,https://www.taylorstitch.com/products/maritime-shirt-jacket-in-burgundy-plaid-2310,https://cdn.shopify.com/s/files/1/0070/1922/files/maritime-shirt-jacket-in-burgundy-plaid-2310_001.jpg?v=1790611811
428,17.7,www.taylorstitch.com,carnegie-pant-in-smoked-olive-corduroy-2609,The Carnegie Pant in Smoked Olive Corduroy,Taylor Stitch,Bottoms,168.00,,,True,2026-09-10,,,0.0,0.0,2.7,15.0,0.0,https://www.taylorstitch.com/products/carnegie-pant-in-smoked-olive-corduroy-2609,https://cdn.shopify.com/s/files/1/0070/1922/files/carnegie-pant-in-smoked-olive-corduroy-2609_001.jpg?v=1790611198
429,17.6,www.taylorstitch.com,carnegie-pant-in-fatigue-olive-corduroy-2509,The Carnegie Pant in Fatigue Olive Corduroy,Taylor Stitch,Bottoms,100.80,,,False,2025-09-04,,,0.0,0.0,17.6,0.0,0.0,https://www.taylorstitch.com/products/carnegie-pant-in-fatigue-olive-corduroy-2509,https://cdn.shopify.com/s/files/1/0070/1922/files/instock_m_q325_The_Carnegie_Pant-FatigueOliveCorduroy_portrait_001.jpg?v=1756241168
430,17.6,www.taylorstitch.com,crawford-crew-sweater-in-dried-cherry-2502,The Crawford Crew Sweater in Dried Cherry,Taylor Stitch,Knits,100.80,,,False,2025-03-19,,,0.0,0.0,17.6,0.0,0.0,https://www.taylorstitch.com/products/crawford-crew-sweater-in-dried-cherry-2502,https://cdn.shopify.com/s/files/1/0070/1922/files/7307483742285_crawford-crew-sweater-in-dried-cherry-2502_01_tsio.jpg?v=1762275245
431,17.6,www.taylorstitch.com,evans-henley-in-charcoal-birdseye-wool-2509,The Evans Henley in Charcoal Birdseye Wool,Taylor Stitch,Knits,100.80,,,False,2025-09-02,,,0.0,0.0,17.6,0.0,0.0,https://www.taylorstitch.com/products/evans-henley-in-charcoal-birdseye-wool-2509,https://cdn.shopify.com/s/files/1/0070/1922/files/instock_m_q325_The_Evans_Henley-CharcoalBirdseyeWool_portrait_001.jpg?v=1756485578
432,17.6,www.taylorstitch.com,short-sleeve-jack-in-rinsed-indigo-oxford-2505,The Short Sleeve Jack in Rinsed Indigo Oxford,Taylor Stitch,Wovens,128.00,,,True,2026-02-20,,,0.0,0.0,11.6,6.0,0.0,https://www.taylorstitch.com/products/short-sleeve-jack-in-rinsed-indigo-oxford-2505,https://cdn.shopify.com/s/files/1/0070/1922/files/short-sleeve-jack-in-rinsed-indigo-oxford-2505_001.jpg?v=1790612180
433,17.6,www.taylorstitch.com,short-sleeve-jack-in-washed-indigo-oxford-2602,The Short Sleeve Jack in Washed Indigo Oxford,Taylor Stitch,Wovens,128.00,,,True,2026-02-20,,,0.0,0.0,11.6,6.0,0.0,https://www.taylorstitch.com/products/short-sleeve-jack-in-washed-indigo-oxford-2602,https://cdn.shopify.com/s/files/1/0070/1922/files/short-sleeve-jack-in-washed-indigo-oxford-2602_001.jpg?v=1790612189
434,17.4,www.taylorstitch.com,hooper-crew-in-marine-stripe-2603,The Hooper Crew in Marine Stripe,Taylor Stitch,Knits,128.00,,,True,2026-02-17,,,0.0,0.0,11.6,5.9,0.0,https://www.taylorstitch.com/products/hooper-crew-in-marine-stripe-2603,https://cdn.shopify.com/s/files/1/0070/1922/files/instock_m_q126_The_Hooper_Crew-MarineStripe_portrait_001.jpg?v=1770838972
435,17.2,www.taylorstitch.com,piston-jacket-in-coal-corduroy-2604,The Piston Jacket in Coal Corduroy,Taylor Stitch,Outerwear,138.60,,,True,2026-04-06,,,0.0,0.0,9.2,8.0,0.0,https://www.taylorstitch.com/products/piston-jacket-in-coal-corduroy-2604,https://cdn.shopify.com/s/files/1/0070/1922/files/piston-jacket-in-coal-corduroy-2604_001.jpg?v=1790612028
436,17.2,www.taylorstitch.com,piston-jacket-in-ivy-corduroy-2604,The Piston Jacket in Ivy Corduroy,Taylor Stitch,Outerwear,138.60,,,True,2026-04-06,,,0.0,0.0,9.2,8.0,0.0,https://www.taylorstitch.com/products/piston-jacket-in-ivy-corduroy-2604,https://cdn.shopify.com/s/files/1/0070/1922/files/piston-jacket-in-ivy-corduroy-2604_001.jpg?v=1790612030
437,17.1,www.taylorstitch.com,short-sleeve-surplus-shirt-in-navy-reverse-sateen-2603,The Short Sleeve Surplus Shirt in Navy Reverse Sateen,Taylor Stitch,Wovens,138.00,,,False,2026-04-01,,,0.0,0.0,9.3,7.8,0.0,https://www.taylorstitch.com/products/short-sleeve-surplus-shirt-in-navy-reverse-sateen-2603,https://cdn.shopify.com/s/files/1/0070/1922/files/instock_m_q126_The_Short_Sleeve_Surplus_Shirt-DarkNavyReverseSateen_portrait_001.jpg?v=1772566725
438,17.1,www.taylorstitch.com,straight-jean-in-washed-black-organic-slub-selvedge-2510,The Straight Jean in Washed Black Organic Slub Selvedge,Taylor Stitch,Bottoms,106.80,,,False,2025-10-28,,,0.0,0.0,16.3,0.9,0.0,https://www.taylorstitch.com/products/straight-jean-in-washed-black-organic-slub-selvedge-2510,https://cdn.shopify.com/s/files/1/0070/1922/files/straight-jean-in-washed-black-organic-slub-selvedge-2510_001.jpg?v=1790612297
439,17.0,www.taylorstitch.com,crawford-crew-sweater-in-washed-indigo-2601,The Crawford Crew Sweater in Washed Indigo,Taylor Stitch,Knits,124.60,,,False,2026-01-22,,,0.0,0.0,12.3,4.7,0.0,https://www.taylorstitch.com/products/crawford-crew-sweater-in-washed-indigo-2601,https://cdn.shopify.com/s/files/1/0070/1922/files/crawford-crew-sweater-in-washed-indigo-2601_001.jpg?v=1790611305
440,16.9,www.taylorstitch.com,eastmoor-sweater-in-heather-night-wool-2510,The Eastmoor Sweater in Heather Night Wool,Taylor Stitch,Knits,106.80,,,False,2025-10-24,,,0.0,0.0,16.3,0.7,0.0,https://www.taylorstitch.com/products/eastmoor-sweater-in-heather-night-wool-2510,https://cdn.shopify.com/s/files/1/0070/1922/files/instock_m_q425_eastmoorcrew_nightwool_portrait_001.jpg?v=1760977247
441,16.9,www.taylorstitch.com,eastmoor-sweater-in-heather-port-wool-2510,The Eastmoor Sweater in Heather Port Wool,Taylor Stitch,Knits,106.80,,,False,2025-10-24,,,0.0,0.0,16.3,0.7,0.0,https://www.taylorstitch.com/products/eastmoor-sweater-in-heather-port-wool-2510,https://cdn.shopify.com/s/files/1/0070/1922/files/instock_m_q425_eastmoorcrew_portwool_portrait_001.jpg?v=1760976591
442,16.9,www.taylorstitch.com,crawford-sweater-in-rust-2510,The Crawford Sweater in Rust,Taylor Stitch,Knits,112.80,,,False,2025-11-21,,,0.0,0.0,14.9,1.9,0.0,https://www.taylorstitch.com/products/crawford-sweater-in-rust-2510,https://cdn.shopify.com/s/files/1/0070/1922/files/crawford-sweater-in-rust-2510_001.jpg?v=1790611322
443,16.5,www.taylorstitch.com,dispatch-shirt-in-navy-broken-twill-2605,The Dispatch Shirt in Navy Broken Twill,Taylor Stitch,Wovens,148.00,,,True,2026-05-07,,,0.0,0.0,7.1,9.4,0.0,https://www.taylorstitch.com/products/dispatch-shirt-in-navy-broken-twill-2605,https://cdn.shopify.com/s/files/1/0070/1922/files/dispatch-shirt-in-navy-broken-twill-2605_001.jpg?v=1790611412
444,16.5,www.taylorstitch.com,jack-in-vintage-white-linen-2605,The Jack in Vintage White Linen,Taylor Stitch,Wovens,145.00,,,True,2026-04-22,,,0.0,0.0,7.8,8.7,0.0,https://www.taylorstitch.com/products/jack-in-vintage-white-linen-2605,https://cdn.shopify.com/s/files/1/0070/1922/files/jack-in-vintage-white-linen-2605_001.jpg?v=1790611733
445,16.4,www.taylorstitch.com,seafarer-sweater-in-charcoal-donegal-2511,The Seafarer Sweater in Charcoal Donegal,Taylor Stitch,Knits,112.80,,,False,2025-11-11,,,0.0,0.0,14.9,1.5,0.0,https://www.taylorstitch.com/products/seafarer-sweater-in-charcoal-donegal-2511,https://cdn.shopify.com/s/files/1/0070/1922/files/instock_m_q425_The_Seafarer_Sweater-CharcoalDonegal_portrait_001.jpg?v=1761941918
446,16.3,www.taylorstitch.com,crawford-sweater-hoodie-in-deep-sea-twist-2502,The Crawford Sweater Hoodie in Deep Sea Twist,Taylor Stitch,Knits,106.80,,,False,2025-03-19,,,0.0,0.0,16.3,0.0,0.0,https://www.taylorstitch.com/products/crawford-sweater-hoodie-in-deep-sea-twist-2502,https://cdn.shopify.com/s/files/1/0070/1922/files/7307483709517_crawford-sweater-hoodie-in-deep-sea-twist-2502_01.jpg?v=1762275245
447,16.3,www.taylorstitch.com,democratic-jean-in-washed-black-organic-slub-selvedge-2508,The Democratic Jean in Washed Black Organic Slub Selvedge,Taylor Stitch,Bottoms,106.80,,,False,2025-08-14,,,0.0,0.0,16.3,0.0,0.0,https://www.taylorstitch.com/products/democratic-jean-in-washed-black-organic-slub-selvedge-2508,https://cdn.shopify.com/s/files/1/0070/1922/files/instock_m_q325_democratic_jean_washed_black_selvedge_portrait_001.jpg?v=1754427121
448,16.3,www.taylorstitch.com,eddy-crew-in-coffee-herringbone-2411,The Eddy Crew in Coffee Herringbone,Taylor Stitch,Knits,106.80,,,False,2025-08-13,,,0.0,0.0,16.3,0.0,0.0,https://www.taylorstitch.com/products/eddy-crew-in-coffee-herringbone-2411,https://cdn.shopify.com/s/files/1/0070/1922/files/instock_m_q424_The_Eddy_Crew-CoffeeHerringbone_001.jpg?v=1762274669
449,16.3,www.taylorstitch.com,newton-sweater-polo-in-burgundy-merino-2508,The Newton Sweater Polo in Dried Cherry Merino,Taylor Stitch,Knits,106.80,,,False,2025-08-25,,,0.0,0.0,16.3,0.0,0.0,https://www.taylorstitch.com/products/newton-sweater-polo-in-burgundy-merino-2508,https://cdn.shopify.com/s/files/1/0070/1922/files/instock_m_q325_The_Newton_Sweater_Polo-DriedCherryMerino_portrait_001.jpg?v=1755890726
450,16.3,www.taylorstitch.com,primer-jacket-in-washed-indigo-terry-2505,The Primer Jacket in Washed Indigo Terry,Taylor Stitch,Outerwear,106.80,,,False,2025-05-09,,,0.0,0.0,16.3,0.0,0.0,https://www.taylorstitch.com/products/primer-jacket-in-washed-indigo-terry-2505,https://cdn.shopify.com/s/files/1/0070/1922/files/instock_m_q225_The_Primer_Jacket-WashedIndigoTerry_portrait_001.jpg?v=1762276148
451,16.3,www.taylorstitch.com,ranger-sweater-in-heather-fog-linen-waffle-2504,The Ranger Sweater in Heather Fog Linen Waffle,Taylor Stitch,Knits,106.80,,,False,2025-04-18,,,0.0,0.0,16.3,0.0,0.0,https://www.taylorstitch.com/products/ranger-sweater-in-heather-fog-linen-waffle-2504,https://cdn.shopify.com/s/files/1/0070/1922/files/instock_m_q225_The_Ranger_Sweater-HeatherFogLinenWaffle_portrait_001.jpg?v=1762275895
452,16.3,www.taylorstitch.com,slim-jean-in-washed-black-organic-slub-selvedge-2508,The Slim Jean in Washed Black Organic Slub Selvedge,Taylor Stitch,Bottoms,106.80,,,False,2025-08-14,,,0.0,0.0,16.3,0.0,0.0,https://www.taylorstitch.com/products/slim-jean-in-washed-black-organic-slub-selvedge-2508,https://cdn.shopify.com/s/files/1/0070/1922/files/instock_m_q325_slim_jean_washed_black_organic_slub_selvedge_portrait_001.jpg?v=1754418190
453,16.3,www.taylorstitch.com,stevens-trouser-in-navy-linen-seersucker-2503,The Stevens Trouser in Navy Linen Seersucker,Taylor Stitch,Bottoms,106.80,,,False,2025-04-04,,,0.0,0.0,16.3,0.0,0.0,https://www.taylorstitch.com/products/stevens-trouser-in-navy-linen-seersucker-2503,https://cdn.shopify.com/s/files/1/0070/1922/files/instock_m_q225_The_Stevens_Trouser-NavyLinenSeersucker_portrait_001.jpg?v=1762275266
454,16.3,www.taylorstitch.com,straight-jean-in-rigid-organic-selvedge-2408,The Straight Jean in Rigid Organic Selvedge,Taylor Stitch,Bottoms,106.80,,,False,2025-07-15,,,0.0,0.0,16.3,0.0,0.0,https://www.taylorstitch.com/products/straight-jean-in-rigid-organic-selvedge-2408,https://cdn.shopify.com/s/files/1/0070/1922/files/straight-jean-in-rigid-organic-selvedge-2408_001.jpg?v=1790612283
455,16.1,www.taylorstitch.com,mariner-jean-in-rinsed-indigo-dobby-denim-2602,The Mariner Jean in Rinsed Indigo Dobby Denim,Taylor Stitch,Bottoms,131.60,,,True,2026-02-06,,,0.0,0.0,10.8,5.4,0.0,https://www.taylorstitch.com/products/mariner-jean-in-rinsed-indigo-dobby-denim-2602,https://cdn.shopify.com/s/files/1/0070/1922/files/mariner-jean-in-rinsed-indigo-dobby-denim-2602_001.jpg?v=1790611807
456,16.0,www.taylorstitch.com,cotton-hemp-tee-in-saffron,The Cotton Hemp Tee in Saffron,Taylor Stitch,Knits,20.00,,,False,2025-06-13,,,0.0,0.0,16.0,0.0,0.0,https://www.taylorstitch.com/products/cotton-hemp-tee-in-saffron,https://cdn.shopify.com/s/files/1/0070/1922/products/instock_m_q421_cotton_hemp_saffron_001.jpg?v=1762269012
457,16.0,www.taylorstitch.com,short-sleeve-jack-in-indigo-stripe-2505,The Short Sleeve Jack in Indigo Stripe,Taylor Stitch,Wovens,108.00,,,False,2025-05-12,,,0.0,0.0,16.0,0.0,0.0,https://www.taylorstitch.com/products/short-sleeve-jack-in-indigo-stripe-2505,https://cdn.shopify.com/s/files/1/0070/1922/files/instock_m_q225_The_Short_Sleeve_Jack-IndigoStripe_portrait_001.jpg?v=1762276152
458,16.0,www.taylorstitch.com,topsail-sweater-in-dark-navy-2602,The Topsail Sweater in Dark Navy,Taylor Stitch,Knits,131.60,,,False,2026-02-03,,,0.0,0.0,10.8,5.2,0.0,https://www.taylorstitch.com/products/topsail-sweater-in-dark-navy-2602,https://cdn.shopify.com/s/files/1/0070/1922/files/topsail-sweater-in-dark-navy-2602_001.jpg?v=1790612386
459,15.9,www.taylorstitch.com,utility-shirt-in-black-indigo-sashiko-2510,The Utility Shirt in Black Indigo Sashiko,Taylor Stitch,Wovens,108.50,,,True,2025-10-01,,,0.0,0.0,15.9,0.0,0.0,https://www.taylorstitch.com/products/utility-shirt-in-black-indigo-sashiko-2510,https://cdn.shopify.com/s/files/1/0070/1922/files/utility-shirt-in-black-indigo-sashiko-2510_001.jpg?v=1790612390
460,15.9,www.taylorstitch.com,utility-shirt-in-natural-sashiko-2409,The Utility Shirt in Natural Sashiko,Taylor Stitch,Wovens,108.50,,,True,2025-08-29,,,0.0,0.0,15.9,0.0,0.0,https://www.taylorstitch.com/products/utility-shirt-in-natural-sashiko-2409,https://cdn.shopify.com/s/files/1/0070/1922/files/utility-shirt-in-natural-sashiko-2409_001.jpg?v=1790612398
461,15.9,www.taylorstitch.com,eastmoor-cardigan-in-heather-port-wool-2510,The Eastmoor Cardigan in Heather Port Wool,Taylor Stitch,Knits,112.80,,,False,2025-10-30,,,0.0,0.0,14.9,0.9,0.0,https://www.taylorstitch.com/products/eastmoor-cardigan-in-heather-port-wool-2510,https://cdn.shopify.com/s/files/1/0070/1922/files/eastmoor-cardigan-in-heather-port-wool-2510_001.jpg?v=1790611455
462,15.8,www.taylorstitch.com,dispatch-shirt-in-smoked-olive-broken-twill-2605,The Dispatch Shirt in Smoked Olive Broken Twill,Taylor Stitch,Wovens,148.00,,,True,2026-04-22,,,0.0,0.0,7.1,8.7,0.0,https://www.taylorstitch.com/products/dispatch-shirt-in-smoked-olive-broken-twill-2605,https://cdn.shopify.com/s/files/1/0070/1922/files/dispatch-shirt-in-smoked-olive-broken-twill-2605_001.jpg?v=1790611414
463,15.8,www.taylorstitch.com,carnegie-pant-in-soil-corduroy-2609,The Carnegie Pant in Soil Corduroy,Taylor Stitch,Bottoms,168.00,,,True,2026-07-30,,,0.0,0.0,2.7,13.2,0.0,https://www.taylorstitch.com/products/carnegie-pant-in-soil-corduroy-2609,https://cdn.shopify.com/s/files/1/0070/1922/files/carnegie-pant-in-soil-corduroy-2609_001.jpg?v=1790611200
464,15.8,www.taylorstitch.com,milton-overshirt-in-burgundy-slub-denim-2608,The Milton Overshirt in Burgundy Slub Denim,Taylor Stitch,Outerwear,168.00,,,True,2026-07-30,,,0.0,0.0,2.7,13.2,0.0,https://www.taylorstitch.com/products/milton-overshirt-in-burgundy-slub-denim-2608,https://cdn.shopify.com/s/files/1/0070/1922/files/milton-overshirt-in-burgundy-slub-denim-2608_001.jpg?v=1790611863
465,15.8,www.taylorstitch.com,shore-shirt-in-fog-check-tencel-2604,The Shore Shirt in Fog Check Lyocell,Taylor Stitch,Wovens,148.00,,,True,2026-04-21,,,0.0,0.0,7.1,8.7,0.0,https://www.taylorstitch.com/products/shore-shirt-in-fog-check-tencel-2604,https://cdn.shopify.com/s/files/1/0070/1922/files/shore-shirt-in-fog-check-tencel-2604_001.jpg?v=1790612118
466,15.8,www.taylorstitch.com,shore-shirt-in-navy-tencel-2604,The Shore Shirt in Navy Lyocell,Taylor Stitch,Wovens,148.00,,,True,2026-04-21,,,0.0,0.0,7.1,8.7,0.0,https://www.taylorstitch.com/products/shore-shirt-in-navy-tencel-2604,https://cdn.shopify.com/s/files/1/0070/1922/files/shore-shirt-in-navy-tencel-2604_001.jpg?v=1790612126
467,15.8,www.taylorstitch.com,shore-shirt-in-washed-indigo-twill-2604,The Shore Shirt in Washed Indigo Twill,Taylor Stitch,Wovens,148.00,,,True,2026-04-21,,,0.0,0.0,7.1,8.7,0.0,https://www.taylorstitch.com/products/shore-shirt-in-washed-indigo-twill-2604,https://cdn.shopify.com/s/files/1/0070/1922/files/shore-shirt-in-washed-indigo-twill-2604_001.jpg?v=1790612129
468,15.7,www.taylorstitch.com,shop-shirt-in-rinsed-indigo-selvedge-2507,The Shop Shirt in Rinsed Indigo Selvedge,Taylor Stitch,Wovens,112.80,,,False,2025-10-27,,,0.0,0.0,14.9,0.8,0.0,https://www.taylorstitch.com/products/shop-shirt-in-rinsed-indigo-selvedge-2507,https://cdn.shopify.com/s/files/1/0070/1922/files/instock_m_q325_shopshirt_rinsedindigoselvedge_portrait_001.jpg?v=1762276709
469,15.5,www.taylorstitch.com,breakwater-pant-in-black-cherry-sashiko-2601,The Breakwater Pant in Black Cherry Sashiko,Taylor Stitch,Bottoms,128.00,,,True,2026-01-06,,,0.0,0.0,11.6,4.0,0.0,https://www.taylorstitch.com/products/breakwater-pant-in-black-cherry-sashiko-2601,https://cdn.shopify.com/s/files/1/0070/1922/files/instock_m_q126_The_Breakwater_Pant-BlackCherrySashiko_portrait_001.jpg?v=1790870538
470,15.5,www.taylorstitch.com,breakwater-pant-in-charcoal-sashiko-2601,The Breakwater Pant in Charcoal Sashiko,Taylor Stitch,Bottoms,128.00,,,True,2026-01-06,,,0.0,0.0,11.6,4.0,0.0,https://www.taylorstitch.com/products/breakwater-pant-in-charcoal-sashiko-2601,https://cdn.shopify.com/s/files/1/0070/1922/files/breakwater-pant-in-charcoal-sashiko-2601_001.jpg?v=1790611101
471,15.5,www.taylorstitch.com,breakwater-pant-in-rinsed-indigo-sashiko-2601,The Breakwater Pant in Rinsed Indigo Sashiko,Taylor Stitch,Bottoms,128.00,,,True,2026-01-06,,,0.0,0.0,11.6,4.0,0.0,https://www.taylorstitch.com/products/breakwater-pant-in-rinsed-indigo-sashiko-2601,https://cdn.shopify.com/s/files/1/0070/1922/files/breakwater-pant-in-rinsed-indigo-sashiko-2601_001.jpg?v=1790611126
472,15.4,www.taylorstitch.com,camden-pant-in-rinsed-indigo-sashiko-2608,The Camden Pant in Rinsed Indigo Sashiko,Taylor Stitch,Bottoms,178.00,,,True,2026-09-24,,,0.0,0.0,0.4,15.0,0.0,https://www.taylorstitch.com/products/camden-pant-in-rinsed-indigo-sashiko-2608,https://cdn.shopify.com/s/files/1/0070/1922/files/Q326_Studio_Camden_Pant_in_Rinsed_Indigo_Sashiko_PDP_01.jpg?v=1790613015
473,15.4,www.taylorstitch.com,crawford-crew-sweater-in-burgundy-twist-2610,The Crawford Crew Sweater in Burgundy Twist,Taylor Stitch,Sweaters,178.00,,,True,2026-10-05,,,0.0,0.0,0.4,15.0,0.0,https://www.taylorstitch.com/products/crawford-crew-sweater-in-burgundy-twist-2610,https://cdn.shopify.com/s/files/1/0070/1922/files/Q426_TheCrawfordCrewSweater-BurgundyTwist_PDP_001.jpg?v=1790965873
474,15.4,www.taylorstitch.com,crawford-crew-sweater-in-fatigue-olive-2607,The Crawford Crew Sweater in Fatigue Olive,Taylor Stitch,Sweaters,178.00,,,True,2026-10-05,,,0.0,0.0,0.4,15.0,0.0,https://www.taylorstitch.com/products/crawford-crew-sweater-in-fatigue-olive-2607,https://cdn.shopify.com/s/files/1/0070/1922/files/Q426_TheCrawfordCrewSweater-FatigueOlive_PDP_001.jpg?v=1790969235
475,15.4,www.taylorstitch.com,eastmoor-sweater-in-claret-wool-2609,The Eastmoor Sweater in Claret Wool,Taylor Stitch,Sweaters,178.00,,,True,2026-09-14,,,0.0,0.0,0.4,15.0,0.0,https://www.taylorstitch.com/products/eastmoor-sweater-in-claret-wool-2609,https://cdn.shopify.com/s/files/1/0070/1922/files/eastmoor-sweater-in-claret-wool-2609_001.jpg?v=1790611460
476,15.4,www.taylorstitch.com,eastmoor-sweater-in-coal-stripe-wool-2609,The Eastmoor Sweater in Coal Stripe Wool,Taylor Stitch,Sweaters,178.00,,,True,2026-09-14,,,0.0,0.0,0.4,15.0,0.0,https://www.taylorstitch.com/products/eastmoor-sweater-in-coal-stripe-wool-2609,https://cdn.shopify.com/s/files/1/0070/1922/files/eastmoor-sweater-in-coal-stripe-wool-2609_001.jpg?v=1790611462
477,15.4,www.taylorstitch.com,eastmoor-sweater-in-glen-wool-2609,The Eastmoor Sweater in Glen Wool,Taylor Stitch,Sweaters,178.00,,,True,2026-09-14,,,0.0,0.0,0.4,15.0,0.0,https://www.taylorstitch.com/products/eastmoor-sweater-in-glen-wool-2609,https://cdn.shopify.com/s/files/1/0070/1922/files/eastmoor-sweater-in-glen-wool-2609_001.jpg?v=1790611465
478,15.4,www.taylorstitch.com,eastmoor-sweater-in-spruce-wool-2609,The Eastmoor Sweater in Spruce Wool,Taylor Stitch,Sweaters,178.00,,,True,2026-09-14,,,0.0,0.0,0.4,15.0,0.0,https://www.taylorstitch.com/products/eastmoor-sweater-in-spruce-wool-2609,https://cdn.shopify.com/s/files/1/0070/1922/files/eastmoor-sweater-in-spruce-wool-2609_001.jpg?v=1790611471
479,15.4,www.taylorstitch.com,seafarer-crew-sweater-in-atlantic-blue-donegal-2610,The Seafarer Crew Sweater in Atlantic Blue Donegal,Taylor Stitch,Sweaters,178.00,,,True,2026-10-09,,,0.0,0.0,0.4,15.0,0.0,https://www.taylorstitch.com/products/seafarer-crew-sweater-in-atlantic-blue-donegal-2610,https://cdn.shopify.com/s/files/1/0070/1922/files/Q426_TheSeafarerCrewneckSweater-AtlanticBlueDonegal_PDP_001.jpg?v=1791489418
480,15.4,www.taylorstitch.com,seafarer-crew-sweater-in-ember-donegal-2610,The Seafarer Crew Sweater in Ember Donegal,Taylor Stitch,Sweaters,178.00,,,True,2026-10-09,,,0.0,0.0,0.4,15.0,0.0,https://www.taylorstitch.com/products/seafarer-crew-sweater-in-ember-donegal-2610,https://cdn.shopify.com/s/files/1/0070/1922/files/Q426_TheSeafarerCrewSweater-EmberDonegal_PDP_001.jpg?v=1791489045
481,15.4,www.taylorstitch.com,crawford-sweater-in-deep-sea-twist-2601,The Crawford Sweater in Deep Sea Twist,Taylor Stitch,Knits,131.60,,,True,2026-01-20,,,0.0,0.0,10.8,4.6,0.0,https://www.taylorstitch.com/products/crawford-sweater-in-deep-sea-twist-2601,https://cdn.shopify.com/s/files/1/0070/1922/files/crawford-sweater-in-deep-sea-twist-2601_001.jpg?v=1790611311
482,15.1,www.taylorstitch.com,carmel-pant-in-timber-guncheck-italian-wool-2510,The Carmel Pant in Timber Guncheck Italian Wool,Taylor Stitch,Bottoms,118.80,,,False,2025-11-11,,,0.0,0.0,13.6,1.5,0.0,https://www.taylorstitch.com/products/carmel-pant-in-timber-guncheck-italian-wool-2510,https://cdn.shopify.com/s/files/1/0070/1922/files/instock_m_q425_The_Carmel_Pant-TimberGuncheckItalianWool_portrait_001.jpg?v=1762534206
483,15.0,www.taylorstitch.com,camden-pant-in-washed-indigo-roped-denim-2609,The Camden Pant in Rinsed Indigo Roped Denim,Taylor Stitch,Bottoms,188.00,,,True,2026-09-24,,,0.0,0.0,0.0,15.0,0.0,https://www.taylorstitch.com/products/camden-pant-in-washed-indigo-roped-denim-2609,https://cdn.shopify.com/s/files/1/0070/1922/files/instock_m_q426_The_Camden_Pant_in_Rinsed_Indigo_Roped_Denim_portrait_001_befcc45e-4128-4503-aa13-7a85acbe255b.jpg?v=1790612830
484,15.0,www.taylorstitch.com,carnegie-pant-in-coal-herringbone-wool-2610,The Carnegie Pant in Coal Herringbone Wool,Taylor Stitch,Bottoms,188.00,,,True,2026-10-06,,,0.0,0.0,0.0,15.0,0.0,https://www.taylorstitch.com/products/carnegie-pant-in-coal-herringbone-wool-2610,https://cdn.shopify.com/s/files/1/0070/1922/files/Q426_The_Carnegie_Pant_in_Coal_Herringbone_Wool_PDP_001_7ba56508-e3ba-4055-95d5-2f03b07d39da.jpg?v=1791319707
485,15.0,www.taylorstitch.com,carnegie-pant-in-walnut-herringbone-wool-2610,The Carnegie Pant in Walnut Herringbone Wool,Taylor Stitch,Bottoms,188.00,,,True,2026-10-06,,,0.0,0.0,0.0,15.0,0.0,https://www.taylorstitch.com/products/carnegie-pant-in-walnut-herringbone-wool-2610,https://cdn.shopify.com/s/files/1/0070/1922/files/Q426_The_Carnegie_Pant_in_Walnut_Herringbone_Wool_PDP_001_f260be89-bb3e-4ee7-96c9-479977ff1a09.jpg?v=1791319927
486,15.0,www.taylorstitch.com,crawford-sweater-in-dark-forest-twist-2610,The Crawford Sweater in Dark Forest Twist,Taylor Stitch,Sweaters,188.00,,,True,2026-10-05,,,0.0,0.0,0.0,15.0,0.0,https://www.taylorstitch.com/products/crawford-sweater-in-dark-forest-twist-2610,https://cdn.shopify.com/s/files/1/0070/1922/files/Q426_TheCrawfordSweater-DarkForestTwist_PDP_001.jpg?v=1790792414
487,15.0,www.taylorstitch.com,eastmoor-cardigan-in-oatmeal-wool-2609,The Eastmoor Cardigan in Oatmeal Wool,Taylor Stitch,Sweaters,198.00,,,True,2026-09-18,,,0.0,0.0,0.0,15.0,0.0,https://www.taylorstitch.com/products/eastmoor-cardigan-in-oatmeal-wool-2609,https://cdn.shopify.com/s/files/1/0070/1922/files/eastmoor-cardigan-in-oatmeal-wool-2609_001.jpg?v=1790611457
488,15.0,www.taylorstitch.com,maritime-shirt-jacket-in-burgundy-moleskin-twill-2609,The Maritime Shirt Jacket in Burgundy Moleskin Twill,Taylor Stitch,Outerwear,188.00,,,True,2026-09-11,,,0.0,0.0,0.0,15.0,0.0,https://www.taylorstitch.com/products/maritime-shirt-jacket-in-burgundy-moleskin-twill-2609,https://cdn.shopify.com/s/files/1/0070/1922/files/maritime-shirt-jacket-in-burgundy-moleskin-twill-2609_001.jpg?v=1790611810
489,15.0,www.taylorstitch.com,maritime-shirt-jacket-in-dark-forest-moleskin-twill-2609,The Maritime Shirt Jacket in Dark Forest Moleskin Twill,Taylor Stitch,Outerwear,188.00,,,True,2026-09-11,,,0.0,0.0,0.0,15.0,0.0,https://www.taylorstitch.com/products/maritime-shirt-jacket-in-dark-forest-moleskin-twill-2609,https://cdn.shopify.com/s/files/1/0070/1922/files/maritime-shirt-jacket-in-dark-forest-moleskin-twill-2609_001.jpg?v=1790611814
490,15.0,www.taylorstitch.com,maritime-shirt-jacket-in-heather-navy-wool-2610,The Maritime Shirt Jacket in Heather Navy Wool,Taylor Stitch,Outerwear,198.00,,,True,2026-10-08,,,0.0,0.0,0.0,15.0,0.0,https://www.taylorstitch.com/products/maritime-shirt-jacket-in-heather-navy-wool-2610,https://cdn.shopify.com/s/files/1/0070/1922/files/Q426_The_Maritime_Shirt_Jacket_in_Heather_Navy_Wool_PDP_001.jpg?v=1790895632
491,15.0,www.taylorstitch.com,maritime-shirt-jacket-in-heather-olive-wool-2610,The Maritime Shirt Jacket in Heather Olive Wool,Taylor Stitch,Outerwear,198.00,,,True,2026-10-08,,,0.0,0.0,0.0,15.0,0.0,https://www.taylorstitch.com/products/maritime-shirt-jacket-in-heather-olive-wool-2610,https://cdn.shopify.com/s/files/1/0070/1922/files/Q426_The_Maritime_Shirt_Jacket_in_Heather_Olive_Wool_PDP_001.jpg?v=1790895686
492,15.0,www.taylorstitch.com,maritime-shirt-jacket-in-navy-shadow-plaid-wool-2610,The Maritime Shirt Jacket in Navy Shadow Plaid Wool,Taylor Stitch,Outerwear,198.00,,,True,2026-10-08,,,0.0,0.0,0.0,15.0,0.0,https://www.taylorstitch.com/products/maritime-shirt-jacket-in-navy-shadow-plaid-wool-2610,https://cdn.shopify.com/s/files/1/0070/1922/files/Q426_The_Maritime_Shirt_Jacket_in_Navy_Shadow_Plaid_Wool_PDP_001.jpg?v=1790895663
493,15.0,www.taylorstitch.com,match-v-neck-sweater-in-vintage-white-slub-2609,The Match V-Neck Sweater in Vintage White Slub,Taylor Stitch,Sweaters,198.00,,,True,2026-09-17,,,0.0,0.0,0.0,15.0,0.0,https://www.taylorstitch.com/products/match-v-neck-sweater-in-vintage-white-slub-2609,https://cdn.shopify.com/s/files/1/0070/1922/files/match-v-neck-sweater-in-vintage-white-slub-2609_001.jpg?v=1790611825
494,15.0,www.taylorstitch.com,seafarer-rollneck-sweater-in-olive-donegal-2610,The Seafarer Rollneck Sweater in Olive Donegal,Taylor Stitch,Sweaters,188.00,,,True,2026-10-09,,,0.0,0.0,0.0,15.0,0.0,https://www.taylorstitch.com/products/seafarer-rollneck-sweater-in-olive-donegal-2610,https://cdn.shopify.com/s/files/1/0070/1922/files/Q426_TheSeafarerRollneckSweater-OliveDonegal_PDP_001.jpg?v=1791488277
495,15.0,www.taylorstitch.com,shore-shirt-in-deepwater-check-portuguese-flannel-2607,The Shore Shirt in Deepwater Check Portuguese Flannel,Taylor Stitch,Wovens,188.00,,,True,2026-09-14,,,0.0,0.0,0.0,15.0,0.0,https://www.taylorstitch.com/products/shore-shirt-in-deepwater-check-portuguese-flannel-2607,https://cdn.shopify.com/s/files/1/0070/1922/files/shore-shirt-deepwater-check-portugese-flannel-2607_001.jpg?v=1790615790
496,15.0,www.taylorstitch.com,trench-cardigan-in-dark-forest-rib-linen-2608,The Trench Cardigan in Dark Forest Rib Linen,Taylor Stitch,Sweaters,218.00,,,True,2026-09-17,,,0.0,0.0,0.0,15.0,0.0,https://www.taylorstitch.com/products/trench-cardigan-in-dark-forest-rib-linen-2608,https://cdn.shopify.com/s/files/1/0070/1922/files/trench-cardigan-in-dark-forest-rib-linen-2608_01.jpg?v=1790615058
497,15.0,www.taylorstitch.com,ojai-jacket-in-washed-indigo-corduroy-2609,The Ojai Jacket in Washed Indigo Corduroy,Taylor Stitch,Outerwear,248.00,,,True,2026-09-08,,,0.0,0.0,0.0,15.0,0.0,https://www.taylorstitch.com/products/ojai-jacket-in-washed-indigo-corduroy-2609,https://cdn.shopify.com/s/files/1/0070/1922/files/ojai-jacket-in-washed-indigo-corduroy-2609_001.jpg?v=1790611924
498,14.9,www.taylorstitch.com,carnegie-pant-in-gravel-herringbone-wool-2510,The Carnegie Pant in Gravel Herringbone Wool,Taylor Stitch,Bottoms,112.80,,,False,2025-09-26,,,0.0,0.0,14.9,0.0,0.0,https://www.taylorstitch.com/products/carnegie-pant-in-gravel-herringbone-wool-2510,https://cdn.shopify.com/s/files/1/0070/1922/files/instock_m_q325_The_Carnegie_Pant-GravelHerringboneWool_portrait_001.jpg?v=1758746080
499,14.9,www.taylorstitch.com,carnegie-pant-in-heather-charcoal-wool-2410,The Carnegie Pant in Heather Charcoal Wool,Taylor Stitch,Bottoms,112.80,,,False,2025-09-26,,,0.0,0.0,14.9,0.0,0.0,https://www.taylorstitch.com/products/carnegie-pant-in-heather-charcoal-wool-2410,https://cdn.shopify.com/s/files/1/0070/1922/files/instock_m_q325_carnegie_charcoalwool_portrait_001.jpg?v=1762274683
500,14.9,www.taylorstitch.com,piston-jacket-in-dried-cherry-corduroy-2504,The Piston Jacket in Dried Cherry Corduroy,Taylor Stitch,Outerwear,112.80,,,False,2025-04-21,,,0.0,0.0,14.9,0.0,0.0,https://www.taylorstitch.com/products/piston-jacket-in-dried-cherry-corduroy-2504,https://cdn.shopify.com/s/files/1/0070/1922/files/instock_m_q225_pistonjacket_portrait_001.jpg?v=1762276146
501,14.9,www.taylorstitch.com,stevens-trouser-in-coffee-linen-herringbone-2504,The Stevens Trouser in Coffee Linen Herringbone,Taylor Stitch,Bottoms,112.80,,,False,2025-04-09,,,0.0,0.0,14.9,0.0,0.0,https://www.taylorstitch.com/products/stevens-trouser-in-coffee-linen-herringbone-2504,https://cdn.shopify.com/s/files/1/0070/1922/files/instock_m_q225_The_Stevens_Trouser-CoffeeLinenHerringbone_portrait_001.jpg?v=1762275348
502,14.7,www.taylorstitch.com,good-acre-chore-pant-in-olive-canvas-2609,The Good Acre Chore Pant in Olive Canvas,Taylor Stitch,Bottoms,208.00,,,True,2026-09-02,,,0.0,0.0,0.0,14.7,0.0,https://www.taylorstitch.com/products/good-acre-chore-pant-in-olive-canvas-2609,https://cdn.shopify.com/s/files/1/0070/1922/files/good-acre-chore-pant-in-olive-canvas-2609_001.jpg?v=1790611564
503,14.7,www.taylorstitch.com,ojai-jacket-in-french-blue-herringbone-2407,The Ojai Jacket in French Blue Herringbone,Taylor Stitch,Outerwear,114.00,,,False,2025-03-17,,,0.0,0.0,14.7,0.0,0.0,https://www.taylorstitch.com/products/ojai-jacket-in-french-blue-herringbone-2407,https://cdn.shopify.com/s/files/1/0070/1922/files/6990287863885_ojai-jacket-in-french-blue-herringbone-2407_01_tsio.jpg?v=1762273992
504,14.5,www.taylorstitch.com,stevens-trouser-in-morel-micro-check-2604,The Stevens Trouser in Morel Micro Check,Taylor Stitch,Bottoms,152.60,,,False,2026-04-15,,,0.0,0.0,6.1,8.4,0.0,https://www.taylorstitch.com/products/stevens-trouser-in-morel-micro-check-2604,https://cdn.shopify.com/s/files/1/0070/1922/files/stevens-trouser-in-morel-micro-check-2604_001.jpg?v=1790612258
505,14.4,www.taylorstitch.com,ryder-jacket-in-rinsed-black-organic-selvedge-2608,The Ryder Jacket in Rinsed Black Organic Selvedge,Taylor Stitch,Outerwear,238.00,,,True,2026-08-27,,,0.0,0.0,0.0,14.4,0.0,https://www.taylorstitch.com/products/ryder-jacket-in-rinsed-black-organic-selvedge-2608,https://cdn.shopify.com/s/files/1/0070/1922/files/ryder-jacket-in-rinsed-black-organic-selvedge-2608_001.jpg?v=1790612079
506,14.4,www.taylorstitch.com,straight-jean-in-rinsed-black-organic-selvedge-2608,The Straight Jean in Rinsed Black Organic Selvedge,Taylor Stitch,Bottoms,188.00,,,True,2026-08-27,,,0.0,0.0,0.0,14.4,0.0,https://www.taylorstitch.com/products/straight-jean-in-rinsed-black-organic-selvedge-2608,https://cdn.shopify.com/s/files/1/0070/1922/files/straight-jean-in-rinsed-black-organic-selvedge-2608_001.jpg?v=1790612287
507,14.3,www.taylorstitch.com,rugby-shirt-in-coal-2502,The Rugby Shirt in Coal,Taylor Stitch,Knits,128.00,,,True,2025-12-10,,,0.0,0.0,11.6,2.8,0.0,https://www.taylorstitch.com/products/rugby-shirt-in-coal-2502,https://cdn.shopify.com/s/files/1/0070/1922/files/rugby-shirt-in-coal-2502_001.jpg?v=1790707319
508,14.3,www.taylorstitch.com,clark-bomber-in-khaki-bedford-cord-2602,The Clark Bomber in Khaki Bedford Cord,Taylor Stitch,Outerwear,142.80,,,False,2026-02-20,,,0.0,0.0,8.3,6.0,0.0,https://www.taylorstitch.com/products/clark-bomber-in-khaki-bedford-cord-2602,https://cdn.shopify.com/s/files/1/0070/1922/files/clark-bomber-in-khaki-bedford-cord-2602_001.jpg?v=1790611221
509,14.1,www.taylorstitch.com,democratic-jean-in-rinsed-organic-selvedge-2607,The Democratic Jean in Rinsed Organic Selvedge,Taylor Stitch,Bottoms,178.00,,,True,2026-08-11,,,0.0,0.0,0.4,13.7,0.0,https://www.taylorstitch.com/products/democratic-jean-in-rinsed-organic-selvedge-2607,https://cdn.shopify.com/s/files/1/0070/1922/files/democratic-jean-in-rinsed-organic-selvedge-2607_001.jpg?v=1790611406
510,14.1,www.taylorstitch.com,straight-jean-in-rinsed-organic-selvedge-2607,The Straight Jean in Rinsed Organic Selvedge,Taylor Stitch,Bottoms,178.00,,,True,2026-08-11,,,0.0,0.0,0.4,13.7,0.0,https://www.taylorstitch.com/products/straight-jean-in-rinsed-organic-selvedge-2607,https://cdn.shopify.com/s/files/1/0070/1922/files/straight-jean-in-rinsed-organic-selvedge-2607_001.jpg?v=1790612291
511,14.1,www.taylorstitch.com,kenne-shirt-jacket-in-blue-fog-cotton-wool-crepe-2607,The Kenne Shirt Jacket in Blue Fog Cotton Wool Crepe,Taylor Stitch,Outerwear,218.00,,,True,2026-08-20,,,0.0,0.0,0.0,14.1,0.0,https://www.taylorstitch.com/products/kenne-shirt-jacket-in-blue-fog-cotton-wool-crepe-2607,https://cdn.shopify.com/s/files/1/0070/1922/files/kenne-shirt-jacket-in-blue-fog-cotton-wool-crepe-2607_001_cb35ef69-134c-4ce8-82bc-a6940d44e4f0.jpg?v=1790614761
512,14.1,www.taylorstitch.com,kenne-shirt-jacket-in-canyon-cotton-wool-crepe-2607,The Kenne Shirt Jacket in Canyon Cotton Wool Crepe,Taylor Stitch,Outerwear,218.00,,,True,2026-08-20,,,0.0,0.0,0.0,14.1,0.0,https://www.taylorstitch.com/products/kenne-shirt-jacket-in-canyon-cotton-wool-crepe-2607,https://cdn.shopify.com/s/files/1/0070/1922/files/kenne-shirt-jacket-in-canyon-cotton-wool-crepe-2607_001_60f16f37-da90-4c0f-a83d-efe73623b90b.jpg?v=1790614740
513,14.1,www.taylorstitch.com,crawford-crew-sweater-in-charcoal-2607,The Crawford Crew Sweater in Charcoal,Taylor Stitch,Sweaters,178.00,,,True,2026-08-10,,,0.0,0.0,0.4,13.7,0.0,https://www.taylorstitch.com/products/crawford-crew-sweater-in-charcoal-2607,https://cdn.shopify.com/s/files/1/0070/1922/files/crawford-crew-sweater-in-charcoal-2607.jpg?v=1790614457
514,14.0,www.taylorstitch.com,newton-sweater-polo-in-burgundy-birdseye-merino-2608,The Newton Sweater Polo in Burgundy Birdseye Merino,Taylor Stitch,Sweaters,188.00,,,True,2026-08-17,,,0.0,0.0,0.0,14.0,0.0,https://www.taylorstitch.com/products/newton-sweater-polo-in-burgundy-birdseye-merino-2608,https://cdn.shopify.com/s/files/1/0070/1922/files/newton-sweater-polo-in-burgundy-birdseye-merino-2608_001_35e5ff81-83f6-4b58-92a7-5a8beab555a6.jpg?v=1790612152
515,14.0,www.taylorstitch.com,newton-sweater-polo-in-navy-birdseye-merino-2608,The Newton Sweater Polo in Navy Birdseye Merino,Taylor Stitch,Sweaters,188.00,,,True,2026-08-17,,,0.0,0.0,0.0,14.0,0.0,https://www.taylorstitch.com/products/newton-sweater-polo-in-navy-birdseye-merino-2608,https://cdn.shopify.com/s/files/1/0070/1922/files/newton-sweater-polo-in-navy-birdseye-merino-2608_001_9c10bfa0-0b51-4125-8cc1-28498b2e51d6.jpg?v=1790612131
516,14.0,www.taylorstitch.com,cutter-overshirt-in-canal-check-2608,The Cutter Overshirt in Canal Check,Taylor Stitch,Wovens,178.00,,,True,2026-08-07,,,0.0,0.0,0.4,13.5,0.0,https://www.taylorstitch.com/products/cutter-overshirt-in-canal-check-2608,https://cdn.shopify.com/s/files/1/0070/1922/files/cutter-overshirt-in-canal-check-2608_001.jpg?v=1790611331
517,14.0,www.taylorstitch.com,cutter-overshirt-in-lighthouse-check-2608,The Cutter Overshirt in Lighthouse Check,Taylor Stitch,Wovens,178.00,,,True,2026-08-07,,,0.0,0.0,0.4,13.5,0.0,https://www.taylorstitch.com/products/cutter-overshirt-in-lighthouse-check-2608,https://cdn.shopify.com/s/files/1/0070/1922/files/cutter-overshirt-in-lighthouse-check-2608_001.jpg?v=1790611335
518,13.9,www.taylorstitch.com,north-shore-knit-shirt-in-heather-coal-2602,The North Shore Knit Shirt in Heather Coal,Taylor Stitch,Knits,138.00,,,True,2026-01-18,,,0.0,0.0,9.3,4.5,0.0,https://www.taylorstitch.com/products/north-shore-knit-shirt-in-heather-coal-2602,https://cdn.shopify.com/s/files/1/0070/1922/files/north-shore-knit-shirt-in-heather-coal-2602_001.jpg?v=1790611905
519,13.9,www.taylorstitch.com,north-shore-knit-shirt-in-heather-navy-2602,The North Shore Knit Shirt in Heather Navy,Taylor Stitch,Knits,138.00,,,True,2026-01-18,,,0.0,0.0,9.3,4.5,0.0,https://www.taylorstitch.com/products/north-shore-knit-shirt-in-heather-navy-2602,https://cdn.shopify.com/s/files/1/0070/1922/files/north-shore-knit-shirt-in-heather-navy-2602_001.jpg?v=1790611909
520,13.8,www.taylorstitch.com,chatham-crew-in-marine-stripe-jacquard-2512,The Chatham Crew in Marine Stripe Jacquard,Taylor Stitch,Knits,131.60,,,False,2025-12-17,,,0.0,0.0,10.8,3.1,0.0,https://www.taylorstitch.com/products/chatham-crew-in-marine-stripe-jacquard-2512,https://cdn.shopify.com/s/files/1/0070/1922/files/chatham-crew-in-marine-stripe-jacquard-2512_001.jpg?v=1790611208
521,13.8,www.taylorstitch.com,short-sleeve-jack-in-atlantic-blue-plaid-2503,The Short Sleeve Jack in Atlantic Blue Plaid,Taylor Stitch,Wovens,118.00,,,False,2025-03-25,,,0.0,0.0,13.8,0.0,0.0,https://www.taylorstitch.com/products/short-sleeve-jack-in-atlantic-blue-plaid-2503,https://cdn.shopify.com/s/files/1/0070/1922/files/7307484528717_short-sleeve-jack-in-atlantic-blue-plaid-2503_01_tsio.jpg?v=1762275260
522,13.8,www.taylorstitch.com,short-sleeve-jack-in-falling-floral-2503,The Short Sleeve Jack in Falling Floral,Taylor Stitch,Wovens,118.00,,,False,2025-03-25,,,0.0,0.0,13.8,0.0,0.0,https://www.taylorstitch.com/products/short-sleeve-jack-in-falling-floral-2503,https://cdn.shopify.com/s/files/1/0070/1922/files/7307484561485_short-sleeve-jack-in-falling-floral-2503_01_tsio.jpg?v=1762275260
523,13.8,www.taylorstitch.com,sunset-crew-in-black-indigo-terry-2504,The Sunset Crew in Black Indigo Terry,Taylor Stitch,Knits,118.00,,,True,2025-04-02,,,0.0,0.0,13.8,0.0,0.0,https://www.taylorstitch.com/products/sunset-crew-in-black-indigo-terry-2504,https://cdn.shopify.com/s/files/1/0070/1922/files/sunset-crew-in-black-indigo-terry-2504_001.jpg?v=1790612302
524,13.8,www.taylorstitch.com,sunset-crew-in-indigo-terry-2310,The Sunset Crew in Rinsed Indigo Terry,Taylor Stitch,Knits,118.00,,,True,2025-03-21,,,0.0,0.0,13.8,0.0,0.0,https://www.taylorstitch.com/products/sunset-crew-in-indigo-terry-2310,https://cdn.shopify.com/s/files/1/0070/1922/files/sunset-crew-in-indigo-terry-2310_001.jpg?v=1790612304
525,13.6,www.taylorstitch.com,sidecountry-crew-in-heather-graphite-merino-waffle-2510,The Sidecountry Crew in Heather Graphite Merino Waffle,Taylor Stitch,Knits,118.80,,,False,2025-10-10,,,0.0,0.0,13.6,0.0,0.0,https://www.taylorstitch.com/products/sidecountry-crew-in-heather-graphite-merino-waffle-2510,https://cdn.shopify.com/s/files/1/0070/1922/files/instock_m_q425_The_Sidecountry_Crew-HeatherGraphiteMerinoWaffle_portrait_001.jpg?v=1759948092
526,13.6,www.taylorstitch.com,sidecountry-crew-in-heather-marsh-merino-waffle-2510,The Sidecountry Crew in Heather Marsh Merino Waffle,Taylor Stitch,Knits,118.80,,,False,2025-10-10,,,0.0,0.0,13.6,0.0,0.0,https://www.taylorstitch.com/products/sidecountry-crew-in-heather-marsh-merino-waffle-2510,https://cdn.shopify.com/s/files/1/0070/1922/files/sidecountry-crew-in-heather-marsh-merino-waffle-2510_001.jpg?v=1790612205
527,13.6,www.taylorstitch.com,fremont-jacket-in-rinsed-indigo-dobby-denim-2602,The Fremont Jacket in Rinsed Indigo Dobby Denim,Taylor Stitch,Outerwear,142.80,,,False,2026-02-06,,,0.0,0.0,8.3,5.4,0.0,https://www.taylorstitch.com/products/fremont-jacket-in-rinsed-indigo-dobby-denim-2602,https://cdn.shopify.com/s/files/1/0070/1922/files/fremont-jacket-in-rinsed-indigo-dobby-denim-2602_001.jpg?v=1790611547
528,13.6,www.taylorstitch.com,apres-pant-in-charcoal-sashiko-2510,The Apres Pant in Charcoal Sashiko,Taylor Stitch,Bottoms,128.00,,,True,2025-11-24,,,0.0,0.0,11.6,2.1,0.0,https://www.taylorstitch.com/products/apres-pant-in-charcoal-sashiko-2510,https://cdn.shopify.com/s/files/1/0070/1922/products/apres-pant-in-charcoal-sashiko_001.jpg?v=1790611008
529,13.6,www.taylorstitch.com,apres-pant-in-natural-sashiko-2510,The Apres Pant in Natural Sashiko,Taylor Stitch,Bottoms,128.00,,,True,2025-11-24,,,0.0,0.0,11.6,2.1,0.0,https://www.taylorstitch.com/products/apres-pant-in-natural-sashiko-2510,
530,13.6,www.taylorstitch.com,crawford-crew-sweater-in-navy-2607,The Crawford Crew Sweater in Navy,Taylor Stitch,Sweaters,178.00,,,True,2026-07-30,,,0.0,0.0,0.4,13.2,0.0,https://www.taylorstitch.com/products/crawford-crew-sweater-in-navy-2607,https://cdn.shopify.com/s/files/1/0070/1922/files/crawford-crew-sweater-in-navy-2607.jpg?v=1790614479
531,13.6,www.taylorstitch.com,cutter-overshirt-in-buzzard-check-2608,The Cutter Overshirt in Buzzard Check,Taylor Stitch,Wovens,178.00,,,True,2026-07-30,,,0.0,0.0,0.4,13.2,0.0,https://www.taylorstitch.com/products/cutter-overshirt-in-buzzard-check-2608,https://cdn.shopify.com/s/files/1/0070/1922/files/cutter-overshirt-in-buzzard-check-2608_001.jpg?v=1790611327
532,13.6,www.taylorstitch.com,mariner-cardigan-in-heather-loden-slub-2509,The Mariner Cardigan in Heather Loden Slub,Taylor Stitch,Knits,118.80,,,False,2025-09-03,,,0.0,0.0,13.6,0.0,0.0,https://www.taylorstitch.com/products/mariner-cardigan-in-heather-loden-slub-2509,https://cdn.shopify.com/s/files/1/0070/1922/files/instock_m_q325_The_Mariner_Cardigan-HeatherLodenSlub_portrait_001.jpg?v=1757090713
533,13.6,www.taylorstitch.com,ridgeline-overshirt-in-fatigue-olive-2408,The Ridgeline Overshirt in Fatigue Olive,Taylor Stitch,Wovens,118.80,,,False,2025-08-20,,,0.0,0.0,13.6,0.0,0.0,https://www.taylorstitch.com/products/ridgeline-overshirt-in-fatigue-olive-2408,https://cdn.shopify.com/s/files/1/0070/1922/files/instock_m_q324_The_Ridgeline_Overshirt-FatigueOlive_001.jpg?v=1755545507
534,13.6,www.taylorstitch.com,station-jacket-in-fatigue-olive-broken-twill-2503,The Station Jacket in Fatigue Olive Broken Twill,Taylor Stitch,Outerwear,118.80,,,False,2025-04-21,,,0.0,0.0,13.6,0.0,0.0,https://www.taylorstitch.com/products/station-jacket-in-fatigue-olive-broken-twill-2503,https://cdn.shopify.com/s/files/1/0070/1922/files/instock_m_q125_stationjacket_fatigueolive_portrait_001.jpg?v=1762275218
535,13.5,www.taylorstitch.com,jackson-jacket-in-rinsed-indigo-french-terry-stripe-2601,The Jackson Jacket in Rinsed Indigo French Terry Stripe,Taylor Stitch,Outerwear,136.80,,,False,2026-01-05,,,0.0,0.0,9.6,3.9,0.0,https://www.taylorstitch.com/products/jackson-jacket-in-rinsed-indigo-french-terry-stripe-2601,https://cdn.shopify.com/s/files/1/0070/1922/files/jackson-jacket-in-rinsed-indigo-french-terry-stripe-2601_001.jpg?v=1790611748
536,13.5,www.taylorstitch.com,breakwater-pant-in-mushroom-ripstop-2507,The Breakwater Pant in Mushroom Ripstop,Taylor Stitch,Bottoms,142.00,,,True,2026-01-29,,,0.0,0.0,8.4,5.0,0.0,https://www.taylorstitch.com/products/breakwater-pant-in-mushroom-ripstop-2507,https://cdn.shopify.com/s/files/1/0070/1922/files/breakwater-pant-in-mushroom-ripstop-2507_001.jpg?v=1790611116
537,13.5,www.taylorstitch.com,breakwater-pant-in-rinsed-indigo-ripstop-2602,The Breakwater Pant in Rinsed Indigo Ripstop,Taylor Stitch,Bottoms,142.00,,,True,2026-01-29,,,0.0,0.0,8.4,5.0,0.0,https://www.taylorstitch.com/products/breakwater-pant-in-rinsed-indigo-ripstop-2602,https://cdn.shopify.com/s/files/1/0070/1922/files/breakwater-pant-in-rinsed-indigo-ripstop-2602_001.jpg?v=1790611122
538,13.4,www.taylorstitch.com,bandana-in-dried-cherry-diamond-2505,The Bandana in Dried Cherry Diamond,Taylor Stitch,Accessories,16.80,,,False,2025-05-29,,,0.0,0.0,13.4,0.0,0.0,https://www.taylorstitch.com/products/bandana-in-dried-cherry-diamond-2505,https://cdn.shopify.com/s/files/1/0070/1922/files/instock_m_q225_bandana_driedcherrydiamond_portrait_001.jpg?v=1762276193
539,13.4,www.taylorstitch.com,bandana-in-honey-pindot-2505,The Bandana in Honey Pindot,Taylor Stitch,Accessories,16.80,,,False,2025-05-29,,,0.0,0.0,13.4,0.0,0.0,https://www.taylorstitch.com/products/bandana-in-honey-pindot-2505,https://cdn.shopify.com/s/files/1/0070/1922/files/instock_m_q225_bandana_honeypindot_portrait_001.jpg?v=1762276191
540,13.4,www.taylorstitch.com,bandana-in-navy-diamond-2505,The Bandana in Navy Diamond,Taylor Stitch,Accessories,16.80,,,False,2025-05-29,,,0.0,0.0,13.4,0.0,0.0,https://www.taylorstitch.com/products/bandana-in-navy-diamond-2505,https://cdn.shopify.com/s/files/1/0070/1922/files/instock_m_q225_bandana_navydiamond_portrait_001.jpg?v=1762276193
541,13.4,www.taylorstitch.com,bandana-in-smoked-olive-pindot-2505,The Bandana in Smoked Olive Pindot,Taylor Stitch,Accessories,16.80,,,False,2025-05-29,,,0.0,0.0,13.4,0.0,0.0,https://www.taylorstitch.com/products/bandana-in-smoked-olive-pindot-2505,https://cdn.shopify.com/s/files/1/0070/1922/files/instock_m_q225_bandana_olivepindot_portrait_001.jpg?v=1762276191
542,13.4,www.taylorstitch.com,waffle-sock-in-burgundy-2508,The Waffle Sock in Burgundy,Taylor Stitch,Accessories,16.80,,,False,2025-08-06,,,0.0,0.0,13.4,0.0,0.0,https://www.taylorstitch.com/products/waffle-sock-in-burgundy-2508,https://cdn.shopify.com/s/files/1/0070/1922/files/instock_m_q325_waffle_sock_burgundy_portrait_001.jpg?v=1754325128
543,13.4,www.taylorstitch.com,connor-overshirt-in-dark-navy-boucle-2411,The Connor Overshirt in Dark Navy Boucle,Taylor Stitch,Wovens,124.80,,,False,2025-11-04,,,0.0,0.0,12.3,1.2,0.0,https://www.taylorstitch.com/products/connor-overshirt-in-dark-navy-boucle-2411,https://cdn.shopify.com/s/files/1/0070/1922/files/connor-overshirt-in-dark-navy-boucle-2411_001.jpg?v=1790611225
544,13.4,www.taylorstitch.com,connor-overshirt-in-heather-olive-boucle-2511,The Connor Overshirt in Heather Olive Boucle,Taylor Stitch,Wovens,124.80,,,False,2025-11-04,,,0.0,0.0,12.3,1.2,0.0,https://www.taylorstitch.com/products/connor-overshirt-in-heather-olive-boucle-2511,https://cdn.shopify.com/s/files/1/0070/1922/files/instock_m_q425_The_Connor_Overshirt-HeatherOliveBoucle_portrait_001.jpg?v=1762209814
545,13.3,www.taylorstitch.com,stageworn-jack-in-pale-rose-oxford-2606,The Stageworn Jack in Pale Rose Oxford,Taylor Stitch,Wovens,168.00,,,True,2026-06-04,,,0.0,0.0,2.7,10.7,0.0,https://www.taylorstitch.com/products/stageworn-jack-in-pale-rose-oxford-2606,https://cdn.shopify.com/s/files/1/0070/1922/files/stageworn-jack-in-pale-rose-oxford-2606_001.jpg?v=1790623465
546,13.2,www.taylorstitch.com,long-haul-jacket-in-mid-wash-organic-selvedge-2607,The Long Haul Jacket in Mid Wash Organic Selvedge,Taylor Stitch,Outerwear,228.00,,,True,2026-07-31,,,0.0,0.0,0.0,13.2,0.0,https://www.taylorstitch.com/products/long-haul-jacket-in-mid-wash-organic-selvedge-2607,https://cdn.shopify.com/s/files/1/0070/1922/files/long-haul-jacket-in-mid-wash-organic-selvedge-2607_001.jpg?v=1790611784
547,13.2,www.taylorstitch.com,long-haul-jacket-in-soil-slub-denim-2607,The Long Haul Jacket in Soil Slub Denim,Taylor Stitch,Outerwear,228.00,,,True,2026-07-31,,,0.0,0.0,0.0,13.2,0.0,https://www.taylorstitch.com/products/long-haul-jacket-in-soil-slub-denim-2607,https://cdn.shopify.com/s/files/1/0070/1922/files/long-haul-jacket-in-soil-slub-denim-2607_001.jpg?v=1790611791
548,13.2,www.taylorstitch.com,good-acre-chore-pant-in-coffee-canvas-2609,The Good Acre Chore Pant in Coffee Canvas,Taylor Stitch,Bottoms,208.00,,,True,2026-07-30,,,0.0,0.0,0.0,13.2,0.0,https://www.taylorstitch.com/products/good-acre-chore-pant-in-coffee-canvas-2609,https://cdn.shopify.com/s/files/1/0070/1922/files/good-acre-chore-pant-in-coffee-canvas-2609_001.jpg?v=1790611561
549,13.2,www.taylorstitch.com,hatteras-anorak-in-fatigue-olive-dry-wax-canvas-2609,The Hatteras Anorak in Fatigue Olive Dry Wax Canvas,Taylor Stitch,Outerwear,248.00,,,True,2026-07-30,,,0.0,0.0,0.0,13.2,0.0,https://www.taylorstitch.com/products/hatteras-anorak-in-fatigue-olive-dry-wax-canvas-2609,https://cdn.shopify.com/s/files/1/0070/1922/files/hatteras-anorak-in-fatigue-olive-dry-wax-canvas-2609_001_951fb760-f52a-459c-99e8-893575781358.jpg?v=1790616815
550,13.2,www.taylorstitch.com,mariner-jean-in-drift-wash-organic-selvedge-2607,The Mariner Jean in Drift Wash Organic Selvedge,Taylor Stitch,Bottoms,188.00,,,True,2026-07-30,,,0.0,0.0,0.0,13.2,0.0,https://www.taylorstitch.com/products/mariner-jean-in-drift-wash-organic-selvedge-2607,https://cdn.shopify.com/s/files/1/0070/1922/files/mariner-jean-in-drift-wash-organic-selvedge-2607_001.jpg?v=1790611805
551,13.2,www.taylorstitch.com,ojai-jacket-in-soil-corduroy-2609,The Ojai Jacket in Soil Corduroy,Taylor Stitch,Outerwear,248.00,,,True,2026-07-30,,,0.0,0.0,0.0,13.2,0.0,https://www.taylorstitch.com/products/ojai-jacket-in-soil-corduroy-2609,https://cdn.shopify.com/s/files/1/0070/1922/files/ojai-jacket-in-soil-corduroy-2609_001.jpg?v=1790611920
552,13.2,www.taylorstitch.com,shore-jacket-in-navy-twill-2607,The Shore Jacket in Navy Twill,Taylor Stitch,Wovens,198.00,,,True,2026-07-30,,,0.0,0.0,0.0,13.2,0.0,https://www.taylorstitch.com/products/shore-jacket-in-navy-twill-2607,https://cdn.shopify.com/s/files/1/0070/1922/files/shore-jacket-in-navy-twill-2607_001.jpg?v=1790612111
553,13.2,www.taylorstitch.com,shore-shirt-in-driftwood-portuguese-mouline-flannel-2607,The Shore Shirt in Driftwood Portuguese Mouline Flannel,Taylor Stitch,Wovens,188.00,,,True,2026-07-30,,,0.0,0.0,0.0,13.2,0.0,https://www.taylorstitch.com/products/shore-shirt-in-driftwood-portuguese-mouline-flannel-2607,https://cdn.shopify.com/s/files/1/0070/1922/files/shore-shirt-in-driftwood-portuguese-mouline-flannel-2607_001.jpg?v=1790612116
554,13.2,www.taylorstitch.com,shore-shirt-in-harbor-check-portuguese-flannel-2607,The Shore Shirt in Harbor Check Portuguese Flannel,Taylor Stitch,Wovens,188.00,,,True,2026-07-30,,,0.0,0.0,0.0,13.2,0.0,https://www.taylorstitch.com/products/shore-shirt-in-harbor-check-portuguese-flannel-2607,https://cdn.shopify.com/s/files/1/0070/1922/files/shore-shirt-in-harbor-check-portuguese-flannel-2607_001.jpg?v=1790612123
555,13.1,www.taylorstitch.com,maritime-shirt-jacket-in-heather-charcoal-wool-2510,The Maritime Shirt Jacket in Heather Charcoal Wool,Taylor Stitch,Outerwear,124.80,,,False,2025-10-28,,,0.0,0.0,12.3,0.9,0.0,https://www.taylorstitch.com/products/maritime-shirt-jacket-in-heather-charcoal-wool-2510,https://cdn.shopify.com/s/files/1/0070/1922/files/maritime-shirt-jacket-in-heather-charcoal-wool-2510_001.jpg?v=1790611816
556,13.1,www.taylorstitch.com,maritime-shirt-jacket-in-ranger-twill-2510,The Maritime Shirt Jacket in Ranger Twill Wool,Taylor Stitch,Outerwear,124.80,,,False,2025-10-28,,,0.0,0.0,12.3,0.9,0.0,https://www.taylorstitch.com/products/maritime-shirt-jacket-in-ranger-twill-2510,https://cdn.shopify.com/s/files/1/0070/1922/files/instock_m_q425_The_Maritime_Shirt_Jacket-RangerTwillWool_portrait_001.jpg?v=1761166655
557,13.0,www.taylorstitch.com,straight-jean-in-kakishibu-selvedge-2608,The Straight Jean in Kakishibu Selvedge,Taylor Stitch,Bottoms,278.00,,,True,2026-07-27,,,0.0,0.0,0.0,13.0,0.0,https://www.taylorstitch.com/products/straight-jean-in-kakishibu-selvedge-2608,https://cdn.shopify.com/s/files/1/0070/1922/files/straight-jean-in-kakishibu-selvedge-2608_001.jpg?v=1790612274
558,13.0,www.taylorstitch.com,taylor-stitch-x-hypeadelic-cap-v-51-2601,The Taylor Stitch x Hypeadelic Cap v2.01,Taylor Stitch,Accessories,150.00,,,False,2026-02-27,,,0.0,0.0,6.7,6.3,0.0,https://www.taylorstitch.com/products/taylor-stitch-x-hypeadelic-cap-v-51-2601,https://cdn.shopify.com/s/files/1/0070/1922/files/instock_m_q126_Hypeadelic_01_portrait_01.jpg?v=1772140047
559,13.0,www.taylorstitch.com,taylor-stitch-x-hypeadelic-cap-v-52-2601,The Taylor Stitch x Hypeadelic Cap v2.02,Taylor Stitch,Accessories,150.00,,,False,2026-02-27,,,0.0,0.0,6.7,6.3,0.0,https://www.taylorstitch.com/products/taylor-stitch-x-hypeadelic-cap-v-52-2601,https://cdn.shopify.com/s/files/1/0070/1922/files/instock_m_q126_Hypeadelic_02_portrait_01.jpg?v=1772154237
560,13.0,www.taylorstitch.com,taylor-stitch-x-hypeadelic-cap-v-53-2601,The Taylor Stitch x Hypeadelic Cap v2.03,Taylor Stitch,Accessories,150.00,,,False,2026-02-27,,,0.0,0.0,6.7,6.3,0.0,https://www.taylorstitch.com/products/taylor-stitch-x-hypeadelic-cap-v-53-2601,https://cdn.shopify.com/s/files/1/0070/1922/files/instock_m_q126_Hypeadelic_03_portrait_01.jpg?v=1772154043
561,13.0,www.taylorstitch.com,taylor-stitch-x-hypeadelic-cap-v-54-2601,The Taylor Stitch x Hypeadelic Cap v2.04,Taylor Stitch,Accessories,150.00,,,False,2026-02-27,,,0.0,0.0,6.7,6.3,0.0,https://www.taylorstitch.com/products/taylor-stitch-x-hypeadelic-cap-v-54-2601,https://cdn.shopify.com/s/files/1/0070/1922/files/instock_m_q126_Hypeadelic_04_portrait_01.jpg?v=1772153918
562,13.0,www.taylorstitch.com,taylor-stitch-x-hypeadelic-cap-v-55-2601,The Taylor Stitch x Hypeadelic Cap v2.05,Taylor Stitch,Accessories,150.00,,,False,2026-02-27,,,0.0,0.0,6.7,6.3,0.0,https://www.taylorstitch.com/products/taylor-stitch-x-hypeadelic-cap-v-55-2601,https://cdn.shopify.com/s/files/1/0070/1922/files/instock_m_q126_Hypeadelic_05_portrait_01.jpg?v=1772153779
563,13.0,www.taylorstitch.com,taylor-stitch-x-hypeadelic-cap-v-56-2601,The Taylor Stitch x Hypeadelic Cap v2.06,Taylor Stitch,Accessories,150.00,,,False,2026-02-27,,,0.0,0.0,6.7,6.3,0.0,https://www.taylorstitch.com/products/taylor-stitch-x-hypeadelic-cap-v-56-2601,https://cdn.shopify.com/s/files/1/0070/1922/files/instock_m_q126_Hypeadelic_06_portrait_01.jpg?v=1772153593
564,13.0,www.taylorstitch.com,taylor-stitch-x-hypeadelic-cap-v-57-2601,The Taylor Stitch x Hypeadelic Cap v2.07,Taylor Stitch,Accessories,150.00,,,False,2026-02-27,,,0.0,0.0,6.7,6.3,0.0,https://www.taylorstitch.com/products/taylor-stitch-x-hypeadelic-cap-v-57-2601,https://cdn.shopify.com/s/files/1/0070/1922/files/instock_m_q126_Hypeadelic_07_portrait_01.jpg?v=1772153442
565,13.0,www.taylorstitch.com,taylor-stitch-x-hypeadelic-cap-v-58-2601,The Taylor Stitch x Hypeadelic Cap v2.08,Taylor Stitch,Accessories,150.00,,,False,2026-02-27,,,0.0,0.0,6.7,6.3,0.0,https://www.taylorstitch.com/products/taylor-stitch-x-hypeadelic-cap-v-58-2601,https://cdn.shopify.com/s/files/1/0070/1922/files/instock_m_q126_Hypeadelic_08_portrait_01.jpg?v=1772153298
566,13.0,www.taylorstitch.com,taylor-stitch-x-hypeadelic-cap-v-59-2601,The Taylor Stitch x Hypeadelic Cap v2.09,Taylor Stitch,Accessories,150.00,,,False,2026-02-27,,,0.0,0.0,6.7,6.3,0.0,https://www.taylorstitch.com/products/taylor-stitch-x-hypeadelic-cap-v-59-2601,https://cdn.shopify.com/s/files/1/0070/1922/files/instock_m_q126_Hypeadelic_09_portrait_01.jpg?v=1772153172
567,13.0,www.taylorstitch.com,taylor-stitch-x-hypeadelic-cap-v-60-2601,The Taylor Stitch x Hypeadelic Cap v2.10,Taylor Stitch,Accessories,150.00,,,False,2026-02-27,,,0.0,0.0,6.7,6.3,0.0,https://www.taylorstitch.com/products/taylor-stitch-x-hypeadelic-cap-v-60-2601,https://cdn.shopify.com/s/files/1/0070/1922/files/instock_m_q126_Hypeadelic_10_portrait_01.jpg?v=1772153012
568,13.0,www.taylorstitch.com,taylor-stitch-x-hypeadelic-cap-v-61-2601,The Taylor Stitch x Hypeadelic Cap v2.11,Taylor Stitch,Accessories,150.00,,,False,2026-02-27,,,0.0,0.0,6.7,6.3,0.0,https://www.taylorstitch.com/products/taylor-stitch-x-hypeadelic-cap-v-61-2601,https://cdn.shopify.com/s/files/1/0070/1922/files/instock_m_q126_Hypeadelic_11_portrait_01.jpg?v=1772152845
569,13.0,www.taylorstitch.com,taylor-stitch-x-hypeadelic-cap-v-62-2601,The Taylor Stitch x Hypeadelic Cap v2.12,Taylor Stitch,Accessories,150.00,,,False,2026-02-27,,,0.0,0.0,6.7,6.3,0.0,https://www.taylorstitch.com/products/taylor-stitch-x-hypeadelic-cap-v-62-2601,https://cdn.shopify.com/s/files/1/0070/1922/files/instock_m_q126_Hypeadelic_12_portrait_01.jpg?v=1772152716
570,13.0,www.taylorstitch.com,taylor-stitch-x-hypeadelic-cap-v-63-2601,The Taylor Stitch x Hypeadelic Cap v2.13,Taylor Stitch,Accessories,150.00,,,False,2026-02-27,,,0.0,0.0,6.7,6.3,0.0,https://www.taylorstitch.com/products/taylor-stitch-x-hypeadelic-cap-v-63-2601,https://cdn.shopify.com/s/files/1/0070/1922/files/instock_m_q126_Hypeadelic_13_portrait_01.jpg?v=1772152516
571,13.0,www.taylorstitch.com,taylor-stitch-x-hypeadelic-cap-v-64-2601,The Taylor Stitch x Hypeadelic Cap v2.14,Taylor Stitch,Accessories,150.00,,,False,2026-02-27,,,0.0,0.0,6.7,6.3,0.0,https://www.taylorstitch.com/products/taylor-stitch-x-hypeadelic-cap-v-64-2601,https://cdn.shopify.com/s/files/1/0070/1922/files/instock_m_q126_Hypeadelic_14_portrait_01.jpg?v=1772152006
572,13.0,www.taylorstitch.com,taylor-stitch-x-hypeadelic-cap-v-65-2601,The Taylor Stitch x Hypeadelic Cap v2.15,Taylor Stitch,Accessories,150.00,,,False,2026-02-27,,,0.0,0.0,6.7,6.3,0.0,https://www.taylorstitch.com/products/taylor-stitch-x-hypeadelic-cap-v-65-2601,https://cdn.shopify.com/s/files/1/0070/1922/files/instock_m_q126_Hypeadelic_15_portrait_01.jpg?v=1772151772
573,13.0,www.taylorstitch.com,taylor-stitch-x-hypeadelic-cap-v-66-2601,The Taylor Stitch x Hypeadelic Cap v2.16,Taylor Stitch,Accessories,150.00,,,False,2026-02-27,,,0.0,0.0,6.7,6.3,0.0,https://www.taylorstitch.com/products/taylor-stitch-x-hypeadelic-cap-v-66-2601,https://cdn.shopify.com/s/files/1/0070/1922/files/instock_m_q126_Hypeadelic_16_portrait_01.jpg?v=1772151611
574,13.0,www.taylorstitch.com,taylor-stitch-x-hypeadelic-cap-v-67-2601,The Taylor Stitch x Hypeadelic Cap v2.17,Taylor Stitch,Accessories,150.00,,,False,2026-02-27,,,0.0,0.0,6.7,6.3,0.0,https://www.taylorstitch.com/products/taylor-stitch-x-hypeadelic-cap-v-67-2601,https://cdn.shopify.com/s/files/1/0070/1922/files/instock_m_q126_Hypeadelic_17_portrait_01.jpg?v=1772151189
575,13.0,www.taylorstitch.com,taylor-stitch-x-hypeadelic-cap-v-68-2601,The Taylor Stitch x Hypeadelic Cap v2.18,Taylor Stitch,Accessories,150.00,,,False,2026-02-27,,,0.0,0.0,6.7,6.3,0.0,https://www.taylorstitch.com/products/taylor-stitch-x-hypeadelic-cap-v-68-2601,https://cdn.shopify.com/s/files/1/0070/1922/files/instock_m_q126_Hypeadelic_18_portrait_01.jpg?v=1772150910
576,13.0,www.taylorstitch.com,taylor-stitch-x-hypeadelic-cap-v-69-2601,The Taylor Stitch x Hypeadelic Cap v2.19,Taylor Stitch,Accessories,150.00,,,False,2026-02-27,,,0.0,0.0,6.7,6.3,0.0,https://www.taylorstitch.com/products/taylor-stitch-x-hypeadelic-cap-v-69-2601,https://cdn.shopify.com/s/files/1/0070/1922/files/instock_m_q126_Hypeadelic_19_portrait_01.jpg?v=1772150762
577,13.0,www.taylorstitch.com,taylor-stitch-x-hypeadelic-cap-v-70-2601,The Taylor Stitch x Hypeadelic Cap v2.20,Taylor Stitch,Accessories,150.00,,,False,2026-02-27,,,0.0,0.0,6.7,6.3,0.0,https://www.taylorstitch.com/products/taylor-stitch-x-hypeadelic-cap-v-70-2601,https://cdn.shopify.com/s/files/1/0070/1922/files/instock_m_q126_Hypeadelic_20_portrait_01.jpg?v=1772150517
578,13.0,www.taylorstitch.com,taylor-stitch-x-hypeadelic-cap-v-71-2601,The Taylor Stitch x Hypeadelic Cap v2.21,Taylor Stitch,Accessories,150.00,,,False,2026-02-27,,,0.0,0.0,6.7,6.3,0.0,https://www.taylorstitch.com/products/taylor-stitch-x-hypeadelic-cap-v-71-2601,https://cdn.shopify.com/s/files/1/0070/1922/files/instock_m_q126_Hypeadelic_21_portrait_01.jpg?v=1772150380
579,13.0,www.taylorstitch.com,taylor-stitch-x-hypeadelic-cap-v-72-2601,The Taylor Stitch x Hypeadelic Cap v2.22,Taylor Stitch,Accessories,150.00,,,False,2026-02-27,,,0.0,0.0,6.7,6.3,0.0,https://www.taylorstitch.com/products/taylor-stitch-x-hypeadelic-cap-v-72-2601,https://cdn.shopify.com/s/files/1/0070/1922/files/instock_m_q126_Hypeadelic_22_portrait_01.jpg?v=1772150262
580,13.0,www.taylorstitch.com,taylor-stitch-x-hypeadelic-cap-v-73-2601,The Taylor Stitch x Hypeadelic Cap v2.23,Taylor Stitch,Accessories,150.00,,,False,2026-02-27,,,0.0,0.0,6.7,6.3,0.0,https://www.taylorstitch.com/products/taylor-stitch-x-hypeadelic-cap-v-73-2601,https://cdn.shopify.com/s/files/1/0070/1922/files/instock_m_q126_Hypeadelic_23_portrait_01.jpg?v=1772150121
581,13.0,www.taylorstitch.com,taylor-stitch-x-hypeadelic-cap-v-74-2601,The Taylor Stitch x Hypeadelic Cap v2.24,Taylor Stitch,Accessories,150.00,,,False,2026-02-27,,,0.0,0.0,6.7,6.3,0.0,https://www.taylorstitch.com/products/taylor-stitch-x-hypeadelic-cap-v-74-2601,https://cdn.shopify.com/s/files/1/0070/1922/files/instock_m_q124_Hypeadelic_24_portrait_01.jpg?v=1772149973
582,13.0,www.taylorstitch.com,taylor-stitch-x-hypeadelic-cap-v-75-2601,The Taylor Stitch x Hypeadelic Cap v2.25,Taylor Stitch,Accessories,150.00,,,False,2026-02-27,,,0.0,0.0,6.7,6.3,0.0,https://www.taylorstitch.com/products/taylor-stitch-x-hypeadelic-cap-v-75-2601,https://cdn.shopify.com/s/files/1/0070/1922/files/instock_m_q126_Hypeadelic_25_portrait_01.jpg?v=1772149705
583,13.0,www.taylorstitch.com,taylor-stitch-x-hypeadelic-cap-v-76-2601,The Taylor Stitch x Hypeadelic Cap v2.26,Taylor Stitch,Accessories,150.00,,,False,2026-02-27,,,0.0,0.0,6.7,6.3,0.0,https://www.taylorstitch.com/products/taylor-stitch-x-hypeadelic-cap-v-76-2601,https://cdn.shopify.com/s/files/1/0070/1922/files/instock_m_q126_Hypeadelic_26_portrait_01.jpg?v=1772149557
584,13.0,www.taylorstitch.com,taylor-stitch-x-hypeadelic-cap-v-77-2601,The Taylor Stitch x Hypeadelic Cap v2.27,Taylor Stitch,Accessories,150.00,,,False,2026-02-27,,,0.0,0.0,6.7,6.3,0.0,https://www.taylorstitch.com/products/taylor-stitch-x-hypeadelic-cap-v-77-2601,https://cdn.shopify.com/s/files/1/0070/1922/files/instock_m_q126_Hypeadelic_27_portrait_01.jpg?v=1772149326
585,13.0,www.taylorstitch.com,taylor-stitch-x-hypeadelic-cap-v-78-2601,The Taylor Stitch x Hypeadelic Cap v2.28,Taylor Stitch,Accessories,150.00,,,False,2026-02-27,,,0.0,0.0,6.7,6.3,0.0,https://www.taylorstitch.com/products/taylor-stitch-x-hypeadelic-cap-v-78-2601,https://cdn.shopify.com/s/files/1/0070/1922/files/instock_m_q126_Hypeadelic_28_portrait_01.jpg?v=1772149177
586,13.0,www.taylorstitch.com,taylor-stitch-x-hypeadelic-cap-v-79-2601,The Taylor Stitch x Hypeadelic Cap v2.29,Taylor Stitch,Accessories,150.00,,,False,2026-02-27,,,0.0,0.0,6.7,6.3,0.0,https://www.taylorstitch.com/products/taylor-stitch-x-hypeadelic-cap-v-79-2601,https://cdn.shopify.com/s/files/1/0070/1922/files/instock_m_q126_Hypeadelic_30_portrait_01_a56e75b4-f6dc-4b71-bb69-229fc58f8f7f.jpg?v=1772149025
587,13.0,www.taylorstitch.com,taylor-stitch-x-hypeadelic-cap-v-80-2601,The Taylor Stitch x Hypeadelic Cap v2.30,Taylor Stitch,Accessories,150.00,,,False,2026-02-27,,,0.0,0.0,6.7,6.3,0.0,https://www.taylorstitch.com/products/taylor-stitch-x-hypeadelic-cap-v-80-2601,https://cdn.shopify.com/s/files/1/0070/1922/files/instock_m_q126_Hypeadelic_30_portrait_01.jpg?v=1772148875
588,13.0,www.taylorstitch.com,taylor-stitch-x-hypeadelic-cap-v-81-2601,The Taylor Stitch x Hypeadelic Cap v2.31,Taylor Stitch,Accessories,150.00,,,False,2026-02-27,,,0.0,0.0,6.7,6.3,0.0,https://www.taylorstitch.com/products/taylor-stitch-x-hypeadelic-cap-v-81-2601,https://cdn.shopify.com/s/files/1/0070/1922/files/instock_m_q126_Hypeadelic_31_portrait_01.jpg?v=1772148747
589,13.0,www.taylorstitch.com,taylor-stitch-x-hypeadelic-cap-v-82-2601,The Taylor Stitch x Hypeadelic Cap v2.32,Taylor Stitch,Accessories,150.00,,,False,2026-02-27,,,0.0,0.0,6.7,6.3,0.0,https://www.taylorstitch.com/products/taylor-stitch-x-hypeadelic-cap-v-82-2601,https://cdn.shopify.com/s/files/1/0070/1922/files/instock_m_q126_Hypeadelic_32_portrait_01.jpg?v=1772148518
590,13.0,www.taylorstitch.com,taylor-stitch-x-hypeadelic-cap-v-83-2601,The Taylor Stitch x Hypeadelic Cap v2.33,Taylor Stitch,Accessories,150.00,,,False,2026-02-27,,,0.0,0.0,6.7,6.3,0.0,https://www.taylorstitch.com/products/taylor-stitch-x-hypeadelic-cap-v-83-2601,https://cdn.shopify.com/s/files/1/0070/1922/files/instock_m_q126_Hypeadelic_33_portrait_01.jpg?v=1772148339
591,13.0,www.taylorstitch.com,taylor-stitch-x-hypeadelic-cap-v-84-2601,The Taylor Stitch x Hypeadelic Cap v2.34,Taylor Stitch,Accessories,150.00,,,False,2026-02-27,,,0.0,0.0,6.7,6.3,0.0,https://www.taylorstitch.com/products/taylor-stitch-x-hypeadelic-cap-v-84-2601,https://cdn.shopify.com/s/files/1/0070/1922/files/instock_m_q126_Hypeadelic_34_portrait_01.jpg?v=1772147553
592,13.0,www.taylorstitch.com,taylor-stitch-x-hypeadelic-cap-v-85-2601,The Taylor Stitch x Hypeadelic Cap v2.35,Taylor Stitch,Accessories,150.00,,,False,2026-02-27,,,0.0,0.0,6.7,6.3,0.0,https://www.taylorstitch.com/products/taylor-stitch-x-hypeadelic-cap-v-85-2601,https://cdn.shopify.com/s/files/1/0070/1922/files/instock_m_q126_Hypeadelic_35_portrait_01.jpg?v=1772147378
593,13.0,www.taylorstitch.com,taylor-stitch-x-hypeadelic-cap-v-86-2601,The Taylor Stitch x Hypeadelic Cap v2.36,Taylor Stitch,Accessories,150.00,,,False,2026-02-27,,,0.0,0.0,6.7,6.3,0.0,https://www.taylorstitch.com/products/taylor-stitch-x-hypeadelic-cap-v-86-2601,https://cdn.shopify.com/s/files/1/0070/1922/files/instock_m_q126_Hypeadelic_36_portrait_01.jpg?v=1772146923
594,13.0,www.taylorstitch.com,taylor-stitch-x-hypeadelic-cap-v-87-2601,The Taylor Stitch x Hypeadelic Cap v2.37,Taylor Stitch,Accessories,150.00,,,False,2026-02-27,,,0.0,0.0,6.7,6.3,0.0,https://www.taylorstitch.com/products/taylor-stitch-x-hypeadelic-cap-v-87-2601,https://cdn.shopify.com/s/files/1/0070/1922/files/instock_m_q126_Hypeadelic_37_portrait_01.jpg?v=1772146774
595,13.0,www.taylorstitch.com,taylor-stitch-x-hypeadelic-cap-v-88-2601,The Taylor Stitch x Hypeadelic Cap v2.38,Taylor Stitch,Accessories,150.00,,,False,2026-02-27,,,0.0,0.0,6.7,6.3,0.0,https://www.taylorstitch.com/products/taylor-stitch-x-hypeadelic-cap-v-88-2601,https://cdn.shopify.com/s/files/1/0070/1922/files/instock_m_q126_Hypeadelic_38_portrait_01.jpg?v=1772146634
596,13.0,www.taylorstitch.com,taylor-stitch-x-hypeadelic-cap-v-89-2601,The Taylor Stitch x Hypeadelic Cap v2.39,Taylor Stitch,Accessories,150.00,,,False,2026-02-27,,,0.0,0.0,6.7,6.3,0.0,https://www.taylorstitch.com/products/taylor-stitch-x-hypeadelic-cap-v-89-2601,https://cdn.shopify.com/s/files/1/0070/1922/files/instock_m_q126_Hypeadelic_39_portrait_01.jpg?v=1772146283
597,13.0,www.taylorstitch.com,taylor-stitch-x-hypeadelic-cap-v-90-2601,The Taylor Stitch x Hypeadelic Cap v2.40,Taylor Stitch,Accessories,150.00,,,False,2026-02-27,,,0.0,0.0,6.7,6.3,0.0,https://www.taylorstitch.com/products/taylor-stitch-x-hypeadelic-cap-v-90-2601,https://cdn.shopify.com/s/files/1/0070/1922/files/instock_m_q126_Hypeadelic_40_portrait_01.jpg?v=1772146061
598,13.0,www.taylorstitch.com,taylor-stitch-x-hypeadelic-cap-v-91-2601,The Taylor Stitch x Hypeadelic Cap v2.41,Taylor Stitch,Accessories,150.00,,,False,2026-02-27,,,0.0,0.0,6.7,6.3,0.0,https://www.taylorstitch.com/products/taylor-stitch-x-hypeadelic-cap-v-91-2601,https://cdn.shopify.com/s/files/1/0070/1922/files/instock_m_q126_Hypeadelic_41_portrait_01.jpg?v=1772145905
599,13.0,www.taylorstitch.com,taylor-stitch-x-hypeadelic-cap-v-92-2601,The Taylor Stitch x Hypeadelic Cap v2.42,Taylor Stitch,Accessories,150.00,,,False,2026-02-27,,,0.0,0.0,6.7,6.3,0.0,https://www.taylorstitch.com/products/taylor-stitch-x-hypeadelic-cap-v-92-2601,https://cdn.shopify.com/s/files/1/0070/1922/files/instock_m_q126_Hypeadelic_42_portrait_01.jpg?v=1772145760
600,13.0,www.taylorstitch.com,taylor-stitch-x-hypeadelic-cap-v-93-2601,The Taylor Stitch x Hypeadelic Cap v2.43,Taylor Stitch,Accessories,150.00,,,False,2026-02-27,,,0.0,0.0,6.7,6.3,0.0,https://www.taylorstitch.com/products/taylor-stitch-x-hypeadelic-cap-v-93-2601,https://cdn.shopify.com/s/files/1/0070/1922/files/instock_m_q126_Hypeadelic_43_portrait_01.jpg?v=1772145563
601,13.0,www.taylorstitch.com,taylor-stitch-x-hypeadelic-cap-v-94-2601,The Taylor Stitch x Hypeadelic Cap v2.44,Taylor Stitch,Accessories,150.00,,,False,2026-02-27,,,0.0,0.0,6.7,6.3,0.0,https://www.taylorstitch.com/products/taylor-stitch-x-hypeadelic-cap-v-94-2601,https://cdn.shopify.com/s/files/1/0070/1922/files/instock_m_q126_Hypeadelic_44_portrait_01.jpg?v=1772145453
602,13.0,www.taylorstitch.com,taylor-stitch-x-hypeadelic-cap-v-95-2601,The Taylor Stitch x Hypeadelic Cap v2.45,Taylor Stitch,Accessories,150.00,,,False,2026-02-27,,,0.0,0.0,6.7,6.3,0.0,https://www.taylorstitch.com/products/taylor-stitch-x-hypeadelic-cap-v-95-2601,https://cdn.shopify.com/s/files/1/0070/1922/files/instock_m_q126_Hypeadelic_45_portrait_01.jpg?v=1772145227
603,13.0,www.taylorstitch.com,taylor-stitch-x-hypeadelic-cap-v-96-2601,The Taylor Stitch x Hypeadelic Cap v2.46,Taylor Stitch,Accessories,150.00,,,False,2026-02-27,,,0.0,0.0,6.7,6.3,0.0,https://www.taylorstitch.com/products/taylor-stitch-x-hypeadelic-cap-v-96-2601,https://cdn.shopify.com/s/files/1/0070/1922/files/instock_m_q126_Hypeadelic_46_portrait_01.jpg?v=1772145026
604,13.0,www.taylorstitch.com,taylor-stitch-x-hypeadelic-cap-v-97-2601,The Taylor Stitch x Hypeadelic Cap v2.47,Taylor Stitch,Accessories,150.00,,,False,2026-02-27,,,0.0,0.0,6.7,6.3,0.0,https://www.taylorstitch.com/products/taylor-stitch-x-hypeadelic-cap-v-97-2601,https://cdn.shopify.com/s/files/1/0070/1922/files/instock_m_q126_Hypeadelic_47_portrait_01.jpg?v=1772144835
605,13.0,www.taylorstitch.com,taylor-stitch-x-hypeadelic-cap-v-98-2601,The Taylor Stitch x Hypeadelic Cap v2.48,Taylor Stitch,Accessories,150.00,,,False,2026-02-27,,,0.0,0.0,6.7,6.3,0.0,https://www.taylorstitch.com/products/taylor-stitch-x-hypeadelic-cap-v-98-2601,https://cdn.shopify.com/s/files/1/0070/1922/files/instock_m_q126_Hypeadelic_48_portrait_01.jpg?v=1772144587
606,13.0,www.taylorstitch.com,taylor-stitch-x-hypeadelic-cap-v-99-2601,The Taylor Stitch x Hypeadelic Cap v2.49,Taylor Stitch,Accessories,150.00,,,False,2026-02-27,,,0.0,0.0,6.7,6.3,0.0,https://www.taylorstitch.com/products/taylor-stitch-x-hypeadelic-cap-v-99-2601,https://cdn.shopify.com/s/files/1/0070/1922/files/instock_m_q126_Hypeadelic_49_portrait_01.jpg?v=1772141841
607,13.0,www.taylorstitch.com,taylor-stitch-x-hypeadelic-cap-v-100-2601,The Taylor Stitch x Hypeadelic Cap v2.50,Taylor Stitch,Accessories,150.00,,,False,2026-02-27,,,0.0,0.0,6.7,6.3,0.0,https://www.taylorstitch.com/products/taylor-stitch-x-hypeadelic-cap-v-100-2601,https://cdn.shopify.com/s/files/1/0070/1922/files/instock_m_q126_Hypeadelic_50_portrait_01.jpg?v=1772140147
608,12.9,www.taylorstitch.com,clark-bomber-in-smoked-olive-moleskin-2608,The Clark Bomber in Smoked Olive Moleskin,Taylor Stitch,Outerwear,248.00,,,True,2026-07-23,,,0.0,0.0,0.0,12.9,0.0,https://www.taylorstitch.com/products/clark-bomber-in-smoked-olive-moleskin-2608,https://cdn.shopify.com/s/files/1/0070/1922/files/clark-bomber-in-smoked-olive-moleskin-2608_001.jpg?v=1790611225
609,12.8,www.taylorstitch.com,crawford-crew-sweater-in-coffee-twist-2607,The Crawford Crew Sweater in Coffee Twist,Taylor Stitch,Sweaters,178.00,,,True,2026-07-13,,,0.0,0.0,0.4,12.4,0.0,https://www.taylorstitch.com/products/crawford-crew-sweater-in-coffee-twist-2607,https://cdn.shopify.com/s/files/1/0070/1922/files/crawford-crew-sweater-in-coffee-twist-2607_001.jpg?v=1790611299
610,12.8,www.taylorstitch.com,crawford-crew-sweater-in-faded-spruce-2607,The Crawford Crew Sweater in Faded Spruce,Taylor Stitch,Knits,178.00,,,True,2026-07-13,,,0.0,0.0,0.4,12.4,0.0,https://www.taylorstitch.com/products/crawford-crew-sweater-in-faded-spruce-2607,https://cdn.shopify.com/s/files/1/0070/1922/files/crawford-crew-sweater-in-faded-spruce-2607_001.jpg?v=1790611301
611,12.8,www.taylorstitch.com,nichols-polo-in-nocturne-cotton-cashmere-2608,The Nichols Polo in Nocturne Cotton Cashmere,Taylor Stitch,Sweaters,178.00,,,True,2026-07-13,,,0.0,0.0,0.4,12.4,0.0,https://www.taylorstitch.com/products/nichols-polo-in-nocturne-cotton-cashmere-2608,https://cdn.shopify.com/s/files/1/0070/1922/files/nichols-polo-in-nocturne-cotton-cashmere-2608_001.jpg?v=1790611899
612,12.8,www.taylorstitch.com,nichols-polo-in-sable-cotton-cashmere-2608,The Nichols Polo in Sable Cotton Cashmere,Taylor Stitch,Sweaters,178.00,,,True,2026-07-13,,,0.0,0.0,0.4,12.4,0.0,https://www.taylorstitch.com/products/nichols-polo-in-sable-cotton-cashmere-2608,https://cdn.shopify.com/s/files/1/0070/1922/files/nichols-polo-in-sable-cotton-cashmere-2608_001.jpg?v=1790611901
613,12.8,www.taylorstitch.com,shifter-jacket-in-dark-grey-pigment-canvas-2602,The Shifter Jacket in Dark Grey Pigment Canvas,Taylor Stitch,Outerwear,145.60,,,True,2026-02-02,,,0.0,0.0,7.6,5.2,0.0,https://www.taylorstitch.com/products/shifter-jacket-in-dark-grey-pigment-canvas-2602,https://cdn.shopify.com/s/files/1/0070/1922/files/shifter-jacket-in-dark-grey-pigment-canvas-2602_001.jpg?v=1790612093
614,12.8,www.taylorstitch.com,crawford-sweater-in-bay-leaf-2607,The Crawford Sweater in Bay Leaf,Taylor Stitch,Sweaters,188.00,,,True,2026-07-21,,,0.0,0.0,0.0,12.8,0.0,https://www.taylorstitch.com/products/crawford-sweater-in-bay-leaf-2607,https://cdn.shopify.com/s/files/1/0070/1922/files/crawford-sweater-in-bay-leaf-2607_001.jpg?v=1790611309
615,12.7,www.taylorstitch.com,crawford-sweater-in-coffee-twist-2507,The Crawford Sweater in Coffee Twist,Taylor Stitch,Sweaters,188.00,,,True,2026-07-20,,,0.0,0.0,0.0,12.7,0.0,https://www.taylorstitch.com/products/crawford-sweater-in-coffee-twist-2507,https://cdn.shopify.com/s/files/1/0070/1922/files/instock_m_q325_crawford_sweater_coffee_twist_portrait_001_df742efb-88bc-4677-b32e-552b85e3e179.jpg?v=1790614647
616,12.6,www.taylorstitch.com,dory-crew-sweater-in-washed-indigo-2607,The Dory Crew Sweater in Washed Indigo,Taylor Stitch,Knits,198.00,,,True,2026-07-17,,,0.0,0.0,0.0,12.6,0.0,https://www.taylorstitch.com/products/dory-crew-sweater-in-washed-indigo-2607,https://cdn.shopify.com/s/files/1/0070/1922/files/dory-crew-sweater-in-washed-indigo-2607_001.jpg?v=1790611443
617,12.6,www.taylorstitch.com,portola-sweater-jacket-in-midnight-merino-2608,The Portola Sweater Jacket in Midnight Merino,Taylor Stitch,Knits,228.00,,,True,2026-07-17,,,0.0,0.0,0.0,12.6,0.0,https://www.taylorstitch.com/products/portola-sweater-jacket-in-midnight-merino-2608,https://cdn.shopify.com/s/files/1/0070/1922/files/portola-sweater-jacket-in-midnight-merino-2608_001.jpg?v=1790612036
618,12.5,www.taylorstitch.com,straight-foundation-pant-in-organic-espresso-2407,The Straight Foundation Pant in Organic Espresso,Taylor Stitch,Bottoms,138.00,,,True,2025-12-18,,,0.0,0.0,9.3,3.1,0.0,https://www.taylorstitch.com/products/straight-foundation-pant-in-organic-espresso-2407,https://cdn.shopify.com/s/files/1/0070/1922/files/straight-foundation-pant-in-organic-espresso-2407_001.jpg?v=1790612262
619,12.5,www.taylorstitch.com,straight-foundation-pant-in-organic-faded-black-2407,The Straight Foundation Pant in Organic Faded Black,Taylor Stitch,Bottoms,138.00,,,True,2025-12-18,,,0.0,0.0,9.3,3.1,0.0,https://www.taylorstitch.com/products/straight-foundation-pant-in-organic-faded-black-2407,https://cdn.shopify.com/s/files/1/0070/1922/files/straight-foundation-pant-in-organic-faded-black-2407_001.jpg?v=1790612265
620,12.5,www.taylorstitch.com,straight-foundation-pant-in-organic-khaki-2407,The Straight Foundation Pant in Organic Khaki,Taylor Stitch,Bottoms,138.00,,,True,2025-12-18,,,0.0,0.0,9.3,3.1,0.0,https://www.taylorstitch.com/products/straight-foundation-pant-in-organic-khaki-2407,https://cdn.shopify.com/s/files/1/0070/1922/files/straight-foundation-pant-in-organic-khaki-2407_001.jpg?v=1790612268
621,12.5,www.taylorstitch.com,straight-foundation-pant-in-organic-smoked-olive-2407,The Straight Foundation Pant in Organic Smoked Olive,Taylor Stitch,Bottoms,138.00,,,True,2025-12-18,,,0.0,0.0,9.3,3.1,0.0,https://www.taylorstitch.com/products/straight-foundation-pant-in-organic-smoked-olive-2407,https://cdn.shopify.com/s/files/1/0070/1922/files/straight-foundation-pant-in-organic-smoked-olive-2407_001.jpg?v=1790612271
622,12.4,www.taylorstitch.com,apres-pant-in-cypress-sashiko-2510,The Apres Pant in Cypress Sashiko,Taylor Stitch,Bottoms,128.00,,,True,2025-10-27,,,0.0,0.0,11.6,0.8,0.0,https://www.taylorstitch.com/products/apres-pant-in-cypress-sashiko-2510,https://cdn.shopify.com/s/files/1/0070/1922/files/apres-pant-in-cypress-sashiko-2510_001.jpg?v=1790611012
623,11.7,www.taylorstitch.com,airman-jacket-in-organic-khaki-foundation-twill-2605,The Airman Jacket in Organic Khaki Foundation Twill,Taylor Stitch,Outerwear,166.60,,,True,2026-04-22,,,0.0,0.0,3.0,8.7,0.0,https://www.taylorstitch.com/products/airman-jacket-in-organic-khaki-foundation-twill-2605,https://cdn.shopify.com/s/files/1/0070/1922/files/airman-jacket-in-organic-khaki-foundation-twill-2605_001.jpg?v=1790611002
624,11.6,www.taylorstitch.com,shop-shirt-in-washed-black-organic-slub-selvedge-2510,The Shop Shirt in Washed Black Organic Slub Selvedge,Taylor Stitch,Wovens,131.60,,,False,2025-10-28,,,0.0,0.0,10.8,0.9,0.0,https://www.taylorstitch.com/products/shop-shirt-in-washed-black-organic-slub-selvedge-2510,https://cdn.shopify.com/s/files/1/0070/1922/files/shop-shirt-in-washed-black-organic-slub-selvedge-2510_001.jpg?v=1790612109
625,11.6,www.taylorstitch.com,apres-pant-in-black-indigo-sashiko-2508,The Apres Pant in Black Indigo Sashiko,Taylor Stitch,Bottoms,128.00,,,True,2025-09-08,,,0.0,0.0,11.6,0.0,0.0,https://www.taylorstitch.com/products/apres-pant-in-black-indigo-sashiko-2508,https://cdn.shopify.com/s/files/1/0070/1922/files/apres-pant-in-black-indigo-sashiko-2508_001.jpg?v=1790611006
626,11.6,www.taylorstitch.com,conrad-shirt-in-seaside-embroidery-2403,The Conrad Shirt in Seaside Embroidery,Taylor Stitch,Wovens,128.00,,,False,2025-03-12,,,0.0,0.0,11.6,0.0,0.0,https://www.taylorstitch.com/products/conrad-shirt-in-seaside-embroidery-2403,https://cdn.shopify.com/s/files/1/0070/1922/files/6886867763277_conrad-shirt-in-seaside-embroidery-2403_01_tsio.jpg?v=1762273200
627,11.6,www.taylorstitch.com,short-sleeve-hawthorne-shirt-in-shadow-floral-2503,The Hawthorne Shirt in Shadow Floral,Taylor Stitch,Wovens,128.00,,,False,2025-03-21,,,0.0,0.0,11.6,0.0,0.0,https://www.taylorstitch.com/products/short-sleeve-hawthorne-shirt-in-shadow-floral-2503,https://cdn.shopify.com/s/files/1/0070/1922/files/7307484594253_short-sleeve-hawthorne-shirt-in-shadow-floral-2503_01_tsio.jpg?v=1762275261
628,11.6,www.taylorstitch.com,rugby-shirt-in-heather-grey-2507,The Rugby Shirt in Heather Grey,Taylor Stitch,Knits,128.00,,,True,2025-07-22,,,0.0,0.0,11.6,0.0,0.0,https://www.taylorstitch.com/products/rugby-shirt-in-heather-grey-2507,https://cdn.shopify.com/s/files/1/0070/1922/files/instock_m_q325_rugby_shirt_heather_grey_portrait_001_af4b2878-41c4-405b-b202-12f9b4952465.jpg?v=1762276713
629,11.6,www.taylorstitch.com,sunset-hoodie-in-black-indigo-terry-2410,The Sunset Hoodie in Black Indigo Terry,Taylor Stitch,Knits,128.00,,,True,2025-03-21,,,0.0,0.0,11.6,0.0,0.0,https://www.taylorstitch.com/products/sunset-hoodie-in-black-indigo-terry-2410,https://cdn.shopify.com/s/files/1/0070/1922/files/sunset-hoodie-in-black-indigo-terry-2410_001.jpg?v=1790612318
630,11.6,www.taylorstitch.com,sunset-hoodie-in-washed-indigo-2404,The Sunset Hoodie in Washed Indigo Terry,Taylor Stitch,Knits,128.00,,,True,2025-04-02,,,0.0,0.0,11.6,0.0,0.0,https://www.taylorstitch.com/products/sunset-hoodie-in-washed-indigo-2404,https://cdn.shopify.com/s/files/1/0070/1922/files/sunset-hoodie-in-washed-indigo-2404_001.jpg?v=1790612322
631,11.4,www.taylorstitch.com,canal-popover-in-rinsed-indigo-2605,The Canal Popover in Rinsed Indigo,Taylor Stitch,Knits,168.00,,,True,2026-04-22,,,0.0,0.0,2.7,8.7,0.0,https://www.taylorstitch.com/products/canal-popover-in-rinsed-indigo-2605,https://cdn.shopify.com/s/files/1/0070/1922/files/canal-popover-in-rinsed-indigo-2605_001.jpg?v=1790611181
632,11.2,www.taylorstitch.com,station-jacket-in-petrol-blue-broken-twill-2603,The Station Jacket in Petrol Blue Broken Twill,Taylor Stitch,Outerwear,159.60,,,False,2026-03-06,,,0.0,0.0,4.5,6.6,0.0,https://www.taylorstitch.com/products/station-jacket-in-petrol-blue-broken-twill-2603,https://cdn.shopify.com/s/files/1/0070/1922/files/instock_m_q126_The_Station_Jacket-PetrolBlueBrokenTwill_portrait_001.jpg?v=1772573970
633,10.7,www.taylorstitch.com,jack-in-black-indigo-oxford-2510,The Jack in Black Indigo Oxford,Taylor Stitch,Wovens,132.00,,,True,2025-09-29,,,0.0,0.0,10.7,0.0,0.0,https://www.taylorstitch.com/products/jack-in-black-indigo-oxford-2510,https://cdn.shopify.com/s/files/1/0070/1922/files/jack-in-black-indigo-oxford-2510_001.jpg?v=1790611600
634,10.7,www.taylorstitch.com,haight-jacket-in-light-wash-hemp-denim-2606,The Haight Jacket in Light Wash Hemp Denim,Taylor Stitch,Outerwear,238.00,,,True,2026-06-04,,,0.0,0.0,0.0,10.7,0.0,https://www.taylorstitch.com/products/haight-jacket-in-light-wash-hemp-denim-2606,https://cdn.shopify.com/s/files/1/0070/1922/files/haight-jacket-in-light-wash-hemp-denim-2606_001.jpg?v=1790616700
635,10.4,www.taylorstitch.com,democratic-jean-in-japanese-washed-indigo-sashiko-2603,The Democratic Jean in Japanese Washed Indigo Sashiko,Taylor Stitch,Bottoms,159.60,,,False,2026-02-18,,,0.0,0.0,4.5,5.9,0.0,https://www.taylorstitch.com/products/democratic-jean-in-japanese-washed-indigo-sashiko-2603,https://cdn.shopify.com/s/files/1/0070/1922/files/democratic-jean-in-japanese-washed-indigo-sashiko-2603_001.jpg?v=1790611385
636,10.3,www.taylorstitch.com,jack-in-heather-rinsed-indigo-pincord-2511,The Jack in Heather Rinsed Indigo Pincord,Taylor Stitch,Wovens,138.00,,,True,2025-10-30,,,0.0,0.0,9.3,0.9,0.0,https://www.taylorstitch.com/products/jack-in-heather-rinsed-indigo-pincord-2511,https://cdn.shopify.com/s/files/1/0070/1922/files/instock_m_q425_The_Jack-HeatherRinsedIndigoPincord_portrait_001.jpg?v=1791476949
637,10.3,www.taylorstitch.com,legend-in-green-tortoise-2601,The Legend in Green Tortoise,Taylor Stitch,Accessories,195.00,,,True,2026-05-26,,,0.0,0.0,0.0,10.3,0.0,https://www.taylorstitch.com/products/legend-in-green-tortoise-2601,https://cdn.shopify.com/s/files/1/0070/1922/files/legend-in-green-tortoise-2601_001.jpg?v=1790611767
638,10.3,www.taylorstitch.com,legend-in-grey-smoke-2601,The Legend in Grey Smoke,Taylor Stitch,Accessories,195.00,,,True,2026-05-26,,,0.0,0.0,0.0,10.3,0.0,https://www.taylorstitch.com/products/legend-in-grey-smoke-2601,https://cdn.shopify.com/s/files/1/0070/1922/files/legend-in-grey-smoke-2601_001.jpg?v=1790611769
639,10.3,www.taylorstitch.com,legend-in-tokyo-tortoise-2601,The Legend in Tokyo Tortoise,Taylor Stitch,Accessories,195.00,,,True,2026-05-26,,,0.0,0.0,0.0,10.3,0.0,https://www.taylorstitch.com/products/legend-in-tokyo-tortoise-2601,https://cdn.shopify.com/s/files/1/0070/1922/files/legend-in-tokyo-tortoise-2601_001.jpg?v=1790611771
640,10.2,www.taylorstitch.com,hawthorne-shirt-in-japanese-rinsed-indigo-floral-jacquard-2603,The Hawthorne Shirt in Japanese Night Bloom Jacquard,Taylor Stitch,Wovens,168.00,,,True,2026-03-26,,,0.0,0.0,2.7,7.5,0.0,https://www.taylorstitch.com/products/hawthorne-shirt-in-japanese-rinsed-indigo-floral-jacquard-2603,https://cdn.shopify.com/s/files/1/0070/1922/files/instock_m_q126_The_Hawthorne_Shirt-JapaneseNightBloomJacquard_portrait_001.jpg?v=1773851269
641,10.1,www.taylorstitch.com,dean-jacket-in-dark-spruce-twill-2603,The Dean Jacket in Dark Spruce Twill,Taylor Stitch,Outerwear,166.60,,,False,2026-03-17,,,0.0,0.0,3.0,7.1,0.0,https://www.taylorstitch.com/products/dean-jacket-in-dark-spruce-twill-2603,https://cdn.shopify.com/s/files/1/0070/1922/files/dean-jacket-in-dark-spruce-twill-2603_001.jpg?v=1790611360
642,10.0,www.taylorstitch.com,jack-in-washed-indigo-chambray-2510,The Jack in Washed Indigo Chambray,Taylor Stitch,Wovens,135.00,,,True,2025-09-29,,,0.0,0.0,10.0,0.0,0.0,https://www.taylorstitch.com/products/jack-in-washed-indigo-chambray-2510,https://cdn.shopify.com/s/files/1/0070/1922/files/jack-in-washed-indigo-chambray-2510_001.jpg?v=1790611736
643,10.0,www.taylorstitch.com,utility-shirt-in-soil-nep-2505,The Utility Shirt in Soil Nep,Taylor Stitch,Wovens,135.00,,,False,2025-05-12,,,0.0,0.0,10.0,0.0,0.0,https://www.taylorstitch.com/products/utility-shirt-in-soil-nep-2505,https://cdn.shopify.com/s/files/1/0070/1922/files/instock_m_q225_The_Utility_Shirt-SoilNep_portrait_001.jpg?v=1762276162
644,9.8,www.taylorstitch.com,painter-pant-in-seeded-natural-chipped-canvas-2601,The Painter Pant in Seeded Natural Chipped Canvas,Taylor Stitch,Bottoms,158.00,,,True,2026-01-27,,,0.0,0.0,4.9,4.9,0.0,https://www.taylorstitch.com/products/painter-pant-in-seeded-natural-chipped-canvas-2601,https://cdn.shopify.com/s/files/1/0070/1922/files/painter-pant-in-seeded-natural-chipped-canvas-2601_001.jpg?v=1790612016
645,9.7,www.taylorstitch.com,utility-shirt-in-brick-sashiko-2601,The Utility Shirt in Brick Sashiko,Taylor Stitch,Wovens,155.00,,,False,2026-01-09,,,0.0,0.0,5.6,4.1,0.0,https://www.taylorstitch.com/products/utility-shirt-in-brick-sashiko-2601,https://cdn.shopify.com/s/files/1/0070/1922/files/instock_m_q126_The_Utility_Shirt-BrickSashiko_portrait_001.jpg?v=1766180291
646,9.6,www.taylorstitch.com,ridgeline-jacket-in-coal-2408,The Ridgeline Jacket in Coal,Taylor Stitch,Outerwear,136.80,,,False,2025-08-20,,,0.0,0.0,9.6,0.0,0.0,https://www.taylorstitch.com/products/ridgeline-jacket-in-coal-2408,https://cdn.shopify.com/s/files/1/0070/1922/files/instock_m_q324_The_Ridgeline_Jacket-Coal_001.jpg?v=1754598024
647,9.6,www.taylorstitch.com,speedway-bomber-in-organic-faded-black-twill-2504,The Speedway Bomber in Organic Faded Black Twill,Taylor Stitch,Outerwear,136.80,,,False,2025-04-17,,,0.0,0.0,9.6,0.0,0.0,https://www.taylorstitch.com/products/speedway-bomber-in-organic-faded-black-twill-2504,https://cdn.shopify.com/s/files/1/0070/1922/files/instock_m_q225_The_Speedway_Bomber-OrganicFadedBlackTwill_portrait_001.jpg?v=1762276146
648,9.3,www.taylorstitch.com,democratic-foundation-pant-in-organic-espresso-2407,The Democratic Foundation Pant in Organic Espresso,Taylor Stitch,Bottoms,138.00,,,True,2025-06-25,,,0.0,0.0,9.3,0.0,0.0,https://www.taylorstitch.com/products/democratic-foundation-pant-in-organic-espresso-2407,https://cdn.shopify.com/s/files/1/0070/1922/files/democratic-foundation-pant-in-organic-espresso-2407_001.jpg?v=1790611368
649,9.3,www.taylorstitch.com,democratic-foundation-pant-in-organic-faded-black-2407,The Democratic Foundation Pant in Organic Faded Black,Taylor Stitch,Bottoms,138.00,,,True,2025-06-25,,,0.0,0.0,9.3,0.0,0.0,https://www.taylorstitch.com/products/democratic-foundation-pant-in-organic-faded-black-2407,https://cdn.shopify.com/s/files/1/0070/1922/files/democratic-foundation-pant-in-organic-faded-black-2407_001.jpg?v=1790611372
650,9.3,www.taylorstitch.com,democratic-foundation-pant-in-organic-khaki-2407,The Democratic Foundation Pant in Organic Khaki,Taylor Stitch,Bottoms,138.00,,,True,2025-06-25,,,0.0,0.0,9.3,0.0,0.0,https://www.taylorstitch.com/products/democratic-foundation-pant-in-organic-khaki-2407,https://cdn.shopify.com/s/files/1/0070/1922/files/democratic-foundation-pant-in-organic-khaki-2407_001.jpg?v=1790611375
651,9.3,www.taylorstitch.com,democratic-foundation-pant-in-organic-smoked-olive-2407,The Democratic Foundation Pant in Organic Smoked Olive,Taylor Stitch,Bottoms,138.00,,,True,2025-06-25,,,0.0,0.0,9.3,0.0,0.0,https://www.taylorstitch.com/products/democratic-foundation-pant-in-organic-smoked-olive-2407,https://cdn.shopify.com/s/files/1/0070/1922/files/democratic-foundation-pant-in-organic-smoked-olive-2407_001.jpg?v=1790611382
652,9.3,www.taylorstitch.com,foundry-shirt-in-natural-chambray-2507,The Foundry Shirt in Natural Chambray,Taylor Stitch,Wovens,138.00,,,True,2025-07-02,,,0.0,0.0,9.3,0.0,0.0,https://www.taylorstitch.com/products/foundry-shirt-in-natural-chambray-2507,https://cdn.shopify.com/s/files/1/0070/1922/files/foundry-shirt-in-natural-chambray-2507_001.jpg?v=1790611540
653,9.3,www.taylorstitch.com,foundry-shirt-in-rinsed-indigo-chambray-2507,The Foundry Shirt in Rinsed Indigo Chambray,Taylor Stitch,Wovens,138.00,,,True,2025-07-02,,,0.0,0.0,9.3,0.0,0.0,https://www.taylorstitch.com/products/foundry-shirt-in-rinsed-indigo-chambray-2507,https://cdn.shopify.com/s/files/1/0070/1922/files/foundry-shirt-in-rinsed-indigo-chambray-2507_001.jpg?v=1790611544
654,9.3,www.taylorstitch.com,jack-in-cardinal-plaid-flannel-2509,The Jack in Cardinal Plaid Flannel,Taylor Stitch,Wovens,138.00,,,True,2025-08-29,,,0.0,0.0,9.3,0.0,0.0,https://www.taylorstitch.com/products/jack-in-cardinal-plaid-flannel-2509,https://cdn.shopify.com/s/files/1/0070/1922/files/instock_m_q325_The_Jack-CardinalPlaidFlannel_portrait_001.jpg?v=1756238944
655,9.3,www.taylorstitch.com,jack-in-coal-waffle-2507,The Jack in Coal Waffle,Taylor Stitch,Wovens,138.00,,,True,2025-07-14,,,0.0,0.0,9.3,0.0,0.0,https://www.taylorstitch.com/products/jack-in-coal-waffle-2507,https://cdn.shopify.com/s/files/1/0070/1922/files/jack-in-coal-waffle-2507_001.jpg?v=1790611629
656,9.3,www.taylorstitch.com,jack-in-natural-waffle-2507,The Jack in Vintage White Waffle,Taylor Stitch,Wovens,138.00,,,True,2025-07-14,,,0.0,0.0,9.3,0.0,0.0,https://www.taylorstitch.com/products/jack-in-natural-waffle-2507,https://cdn.shopify.com/s/files/1/0070/1922/files/jack-in-natural-waffle-2507_001.jpg?v=1790611667
657,9.3,www.taylorstitch.com,jack-in-washed-indigo-waffle-2504,The Jack in Washed Indigo Waffle,Taylor Stitch,Wovens,138.00,,,True,2025-04-02,,,0.0,0.0,9.3,0.0,0.0,https://www.taylorstitch.com/products/jack-in-washed-indigo-waffle-2504,https://cdn.shopify.com/s/files/1/0070/1922/files/jack-in-washed-indigo-waffle-2504_001.jpg?v=1790611741
658,9.3,www.taylorstitch.com,slim-foundation-pant-in-organic-espresso-2407,The Slim Foundation Pant in Organic Espresso,Taylor Stitch,Bottoms,138.00,,,True,2025-06-26,,,0.0,0.0,9.3,0.0,0.0,https://www.taylorstitch.com/products/slim-foundation-pant-in-organic-espresso-2407,https://cdn.shopify.com/s/files/1/0070/1922/files/slim-foundation-pant-in-organic-espresso-2407_001.jpg?v=1790612207
659,9.3,www.taylorstitch.com,slim-foundation-pant-in-organic-faded-black-2407,The Slim Foundation Pant in Organic Faded Black,Taylor Stitch,Bottoms,138.00,,,True,2025-06-26,,,0.0,0.0,9.3,0.0,0.0,https://www.taylorstitch.com/products/slim-foundation-pant-in-organic-faded-black-2407,https://cdn.shopify.com/s/files/1/0070/1922/files/slim-foundation-pant-in-organic-faded-black-2407_001.jpg?v=1790612211
660,9.3,www.taylorstitch.com,slim-foundation-pant-in-organic-khaki-2407,The Slim Foundation Pant in Organic Khaki,Taylor Stitch,Bottoms,138.00,,,True,2025-06-26,,,0.0,0.0,9.3,0.0,0.0,https://www.taylorstitch.com/products/slim-foundation-pant-in-organic-khaki-2407,https://cdn.shopify.com/s/files/1/0070/1922/files/slim-foundation-pant-in-organic-khaki-2407_001.jpg?v=1790612215
661,9.3,www.taylorstitch.com,slim-foundation-pant-in-organic-smoked-olive-2407,The Slim Foundation Pant in Organic Smoked Olive,Taylor Stitch,Bottoms,138.00,,,True,2025-06-26,,,0.0,0.0,9.3,0.0,0.0,https://www.taylorstitch.com/products/slim-foundation-pant-in-organic-smoked-olive-2407,https://cdn.shopify.com/s/files/1/0070/1922/files/slim-foundation-pant-in-organic-smoked-olive-2407_001.jpg?v=1790612222
662,9.3,www.taylorstitch.com,yosemite-shirt-in-coal-2508,The Yosemite Shirt in Coal,Taylor Stitch,Wovens,138.00,,,True,2025-07-29,,,0.0,0.0,9.3,0.0,0.0,https://www.taylorstitch.com/products/yosemite-shirt-in-coal-2508,https://cdn.shopify.com/s/files/1/0070/1922/files/instock_m_q325_The_Yosemite_Shirt-Coal_portrait_001.jpg?v=1790893865
663,9.3,www.taylorstitch.com,yosemite-shirt-in-dark-forest-2508,The Yosemite Shirt in Dark Forest,Taylor Stitch,Wovens,138.00,,,True,2025-07-29,,,0.0,0.0,9.3,0.0,0.0,https://www.taylorstitch.com/products/yosemite-shirt-in-dark-forest-2508,https://cdn.shopify.com/s/files/1/0070/1922/files/instock_m_q325_The_Yosemite_Shirt-DarkForest_portrait_001.jpg?v=1790894038
664,8.8,www.taylorstitch.com,division-shirt-in-rinsed-indigo-2510,The Division Shirt in Rinsed Indigo,Taylor Stitch,Wovens,142.00,,,True,2025-10-17,,,0.0,0.0,8.4,0.4,0.0,https://www.taylorstitch.com/products/division-shirt-in-rinsed-indigo-2510,https://cdn.shopify.com/s/files/1/0070/1922/files/division-shirt-in-rinsed-indigo-2510_001.jpg?v=1790611428
665,8.4,www.taylorstitch.com,stevens-sportcoat-in-morel-micro-check-2604,The Stevens Sportcoat in Morel Micro Check,Taylor Stitch,Outerwear,278.60,,,True,2026-04-15,,,0.0,0.0,0.0,8.4,0.0,https://www.taylorstitch.com/products/stevens-sportcoat-in-morel-micro-check-2604,https://cdn.shopify.com/s/files/1/0070/1922/files/stevens-sportcoat-in-morel-micro-check-2604_001.jpg?v=1790612255
666,8.3,www.taylorstitch.com,evans-blazer-in-charcoal-birdseye-wool-2310,The Evans Blazer in Charcoal Birdseye Wool,Taylor Stitch,Outerwear,142.80,,,False,2025-08-26,,,0.0,0.0,8.3,0.0,0.0,https://www.taylorstitch.com/products/evans-blazer-in-charcoal-birdseye-wool-2310,https://cdn.shopify.com/s/files/1/0070/1922/files/instock_m_q423_Ridgewood_Cardigan_Charcoal_Birdseye_Wool_001.jpg?v=1758746013
667,8.3,www.taylorstitch.com,evans-blazer-in-navy-birdseye-wool-2310,The Evans Blazer in Navy Birdseye Wool,Taylor Stitch,Outerwear,142.80,,,False,2025-08-26,,,0.0,0.0,8.3,0.0,0.0,https://www.taylorstitch.com/products/evans-blazer-in-navy-birdseye-wool-2310,https://cdn.shopify.com/s/files/1/0070/1922/files/instock_m_q423_Ridgewood_Cardigan_Navy_Birdseye_Wool_001.jpg?v=1762272680
668,7.8,www.taylorstitch.com,hyde-in-white-pinpoint-oxford-2509,The Hyde Shirt in White Pinpoint Oxford,Taylor Stitch,Wovens,145.00,,,True,2025-08-12,,,0.0,0.0,7.8,0.0,0.0,https://www.taylorstitch.com/products/hyde-in-white-pinpoint-oxford-2509,https://cdn.shopify.com/s/files/1/0070/1922/files/hyde-in-white-pinpoint-oxford-2509_001.jpg?v=1790611591
669,7.7,www.taylorstitch.com,ryder-jacket-in-burgundy-chipped-canvas-2604,The Ryder Jacket in Burgundy Chipped Canvas,Taylor Stitch,Outerwear,218.00,,,True,2026-03-30,,,0.0,0.0,0.0,7.7,0.0,https://www.taylorstitch.com/products/ryder-jacket-in-burgundy-chipped-canvas-2604,https://cdn.shopify.com/s/files/1/0070/1922/files/ryder-jacket-in-burgundy-chipped-canvas-2604_001.jpg?v=1790612072
670,7.5,www.taylorstitch.com,foundry-shirt-in-japanese-black-indigo-nep-2603,The Foundry Shirt in Japanese Shadow Nep,Taylor Stitch,Wovens,188.00,,,True,2026-03-26,,,0.0,0.0,0.0,7.5,0.0,https://www.taylorstitch.com/products/foundry-shirt-in-japanese-black-indigo-nep-2603,https://cdn.shopify.com/s/files/1/0070/1922/files/instock_m_q126_The_Foundry_Shirt-JapaneseShadowNep_portrait_001.jpg?v=1773854293
671,7.5,www.taylorstitch.com,jack-in-japanese-indigo-nep-2603,The Jack in Japanese Fog Nep,Taylor Stitch,Wovens,188.00,,,True,2026-03-26,,,0.0,0.0,0.0,7.5,0.0,https://www.taylorstitch.com/products/jack-in-japanese-indigo-nep-2603,https://cdn.shopify.com/s/files/1/0070/1922/files/instock_m_q126_The_Jack-JapaneseFogNep_portrait_001.jpg?v=1773854604
672,7.5,www.taylorstitch.com,jack-in-japanese-flax-indigo-plaid-2603,The Jack in Japanese Oyster Plaid,Taylor Stitch,Wovens,188.00,,,True,2026-03-26,,,0.0,0.0,0.0,7.5,0.0,https://www.taylorstitch.com/products/jack-in-japanese-flax-indigo-plaid-2603,https://cdn.shopify.com/s/files/1/0070/1922/files/instock_m_q126_The_Jack-JapaneseOysterPlaid_portrait_001.jpg?v=1773855393
673,7.3,www.taylorstitch.com,long-haul-jacket-in-dried-cherry-moleskin-2510,The Long Haul Jacket in Dried Cherry Moleskin,Taylor Stitch,Outerwear,148.80,,,False,2025-10-17,,,0.0,0.0,6.9,0.4,0.0,https://www.taylorstitch.com/products/long-haul-jacket-in-dried-cherry-moleskin-2510,https://cdn.shopify.com/s/files/1/0070/1922/files/instock_m_q425_The_Long_Haul_Jacket-DriedCherryMoleskin_portrait_001.jpg?v=1760394579
674,7.3,www.taylorstitch.com,workhorse-jacket-in-navy-chipped-canvas-2311,The Workhorse Jacket in Navy Chipped Canvas,Taylor Stitch,Outerwear,148.80,,,False,2025-10-17,,,0.0,0.0,6.9,0.4,0.0,https://www.taylorstitch.com/products/workhorse-jacket-in-navy-chipped-canvas-2311,https://cdn.shopify.com/s/files/1/0070/1922/files/instock_m_q423_Workhorse_Jacket_Navy_Chipped_Canvas_001.jpg?v=1762272660
675,7.1,www.taylorstitch.com,camp-pant-in-aged-penny-chipped-canvas-2408,The Camp Pant in Aged Penny Chipped Canvas,Taylor Stitch,Bottoms,148.00,,,True,2025-06-24,,,0.0,0.0,7.1,0.0,0.0,https://www.taylorstitch.com/products/camp-pant-in-aged-penny-chipped-canvas-2408,https://cdn.shopify.com/s/files/1/0070/1922/files/camp-pant-in-aged-penny-chipped-canvas-2408_001.jpg?v=1790611162
676,7.1,www.taylorstitch.com,camp-pant-in-coal-chipped-canvas-2408,The Camp Pant in Coal Chipped Canvas,Taylor Stitch,Bottoms,148.00,,,True,2025-06-24,,,0.0,0.0,7.1,0.0,0.0,https://www.taylorstitch.com/products/camp-pant-in-coal-chipped-canvas-2408,https://cdn.shopify.com/s/files/1/0070/1922/files/camp-pant-in-coal-chipped-canvas-2408_001.jpg?v=1790611165
677,7.1,www.taylorstitch.com,camp-pant-in-stone-chipped-canvas-2410,The Camp Pant in Stone Chipped Canvas,Taylor Stitch,Bottoms,148.00,,,True,2025-06-24,,,0.0,0.0,7.1,0.0,0.0,https://www.taylorstitch.com/products/camp-pant-in-stone-chipped-canvas-2410,https://cdn.shopify.com/s/files/1/0070/1922/files/camp-pant-in-stone-chipped-canvas-2410_001.jpg?v=1790611167
678,7.1,www.taylorstitch.com,chore-pant-in-aged-penny-chipped-canvas-2408,The Chore Pant in Aged Penny Chipped Canvas,Taylor Stitch,Bottoms,148.00,,,True,2025-06-20,,,0.0,0.0,7.1,0.0,0.0,https://www.taylorstitch.com/products/chore-pant-in-aged-penny-chipped-canvas-2408,https://cdn.shopify.com/s/files/1/0070/1922/files/chore-pant-in-aged-penny-chipped-canvas-2408_001.jpg?v=1790611210
679,7.1,www.taylorstitch.com,chore-pant-in-coal-chipped-canvas-2408,The Chore Pant in Coal Chipped Canvas,Taylor Stitch,Bottoms,148.00,,,True,2025-06-20,,,0.0,0.0,7.1,0.0,0.0,https://www.taylorstitch.com/products/chore-pant-in-coal-chipped-canvas-2408,https://cdn.shopify.com/s/files/1/0070/1922/files/chore-pant-in-coal-chipped-canvas-2408_001.jpg?v=1790611213
680,7.1,www.taylorstitch.com,chore-pant-in-stone-chipped-canvas-2410,The Chore Pant in Stone Chipped Canvas,Taylor Stitch,Bottoms,148.00,,,True,2025-06-20,,,0.0,0.0,7.1,0.0,0.0,https://www.taylorstitch.com/products/chore-pant-in-stone-chipped-canvas-2410,https://cdn.shopify.com/s/files/1/0070/1922/files/chore-pant-in-stone-chipped-canvas-2410_001.jpg?v=1790611217
681,7.1,www.taylorstitch.com,division-shirt-in-black-indigo-check-2508,The Division Shirt in Black Indigo Check,Taylor Stitch,Wovens,148.00,,,True,2025-08-01,,,0.0,0.0,7.1,0.0,0.0,https://www.taylorstitch.com/products/division-shirt-in-black-indigo-check-2508,https://cdn.shopify.com/s/files/1/0070/1922/files/division-shirt-in-black-indigo-check-2508_001.jpg?v=1790611421
682,7.1,www.taylorstitch.com,surplus-pant-in-faded-black-reverse-sateen-2508,The Surplus Pant in Faded Black Reverse Sateen,Taylor Stitch,Bottoms,148.00,,,True,2025-07-25,,,0.0,0.0,7.1,0.0,0.0,https://www.taylorstitch.com/products/surplus-pant-in-faded-black-reverse-sateen-2508,https://cdn.shopify.com/s/files/1/0070/1922/files/surplus-pant-in-faded-black-reverse-sateen-2508_001.jpg?v=1790612336
683,7.1,www.taylorstitch.com,surplus-pant-in-smoked-olive-reverse-sateen-2408,The Surplus Pant in Field Olive Reverse Sateen,Taylor Stitch,Bottoms,148.00,,,True,2025-07-25,,,0.0,0.0,7.1,0.0,0.0,https://www.taylorstitch.com/products/surplus-pant-in-smoked-olive-reverse-sateen-2408,https://cdn.shopify.com/s/files/1/0070/1922/files/surplus-pant-in-smoked-olive-reverse-sateen-2408_001.jpg?v=1790622837
684,7.1,www.taylorstitch.com,surplus-shirt-in-faded-black-reverse-sateen-2508,The Surplus Shirt in Faded Black Reverse Sateen,Taylor Stitch,Wovens,148.00,,,True,2025-08-13,,,0.0,0.0,7.1,0.0,0.0,https://www.taylorstitch.com/products/surplus-shirt-in-faded-black-reverse-sateen-2508,https://cdn.shopify.com/s/files/1/0070/1922/files/Q426_surplus_shirt_faded_black_reverse_sateen_PDP_001.jpg?v=1790622744
685,7.1,www.taylorstitch.com,surplus-shirt-in-smoked-olive-reverse-sateen-2408,The Surplus Shirt in Field Olive Reverse Sateen,Taylor Stitch,Wovens,148.00,,,True,2025-08-13,,,0.0,0.0,7.1,0.0,0.0,https://www.taylorstitch.com/products/surplus-shirt-in-smoked-olive-reverse-sateen-2408,https://cdn.shopify.com/s/files/1/0070/1922/files/surplus-shirt-in-smoked-olive-reverse-sateen-2408_001.jpg?v=1790612342
686,7.1,www.taylorstitch.com,democratic-jean-in-rinsed-yoshiwa-selvedge-2512,The Democratic Jean in Rinsed Yoshiwa Selvedge,Taylor Stitch,Bottoms,173.60,,,False,2026-02-12,,,0.0,0.0,1.4,5.6,0.0,https://www.taylorstitch.com/products/democratic-jean-in-rinsed-yoshiwa-selvedge-2512,https://cdn.shopify.com/s/files/1/0070/1922/files/democratic-jean-in-rinsed-yoshiwa-selvedge-2512_001.jpg?v=1790611409
687,7.1,www.taylorstitch.com,straight-jean-in-rinsed-yoshiwa-selvedge-2512,The Straight Jean in Rinsed Yoshiwa Selvedge,Taylor Stitch,Bottoms,173.60,,,False,2026-02-12,,,0.0,0.0,1.4,5.6,0.0,https://www.taylorstitch.com/products/straight-jean-in-rinsed-yoshiwa-selvedge-2512,https://cdn.shopify.com/s/files/1/0070/1922/files/straight-jean-in-rinsed-yoshiwa-selvedge-2512_001.jpg?v=1790612294
688,6.9,www.taylorstitch.com,clark-bomber-in-soil-moleskin-2507,The Clark Bomber in Soil Moleskin,Taylor Stitch,Outerwear,148.80,,,False,2025-07-15,,,0.0,0.0,6.9,0.0,0.0,https://www.taylorstitch.com/products/clark-bomber-in-soil-moleskin-2507,https://cdn.shopify.com/s/files/1/0070/1922/files/instock_m_q325_clark_bomber_soil_moleskin_portrait_001.jpg?v=1762276703
689,6.9,www.taylorstitch.com,crew-jacket-in-rinsed-indigo-sashiko-2404,The Crew Jacket in Rinsed Indigo Sashiko,Taylor Stitch,Outerwear,148.80,,,False,2025-05-01,,,0.0,0.0,6.9,0.0,0.0,https://www.taylorstitch.com/products/crew-jacket-in-rinsed-indigo-sashiko-2404,https://cdn.shopify.com/s/files/1/0070/1922/files/instock_m_q224_The_Crew_Jacket-RawIndigoSashiko_001.jpg?v=1759258364
690,6.9,www.taylorstitch.com,crew-jacket-in-seeded-natural-sashiko-2505,The Crew Jacket in Seeded Natural Sashiko,Taylor Stitch,Outerwear,148.80,,,False,2025-05-01,,,0.0,0.0,6.9,0.0,0.0,https://www.taylorstitch.com/products/crew-jacket-in-seeded-natural-sashiko-2505,https://cdn.shopify.com/s/files/1/0070/1922/files/crew-jacket-in-seeded-natural-sashiko-2505_001.jpg?v=1790611324
691,6.9,www.taylorstitch.com,ojai-jacket-in-dark-navy-corduroy-2410,The Ojai Jacket in Dark Navy Corduroy,Taylor Stitch,Outerwear,148.80,,,False,2025-09-22,,,0.0,0.0,6.9,0.0,0.0,https://www.taylorstitch.com/products/ojai-jacket-in-dark-navy-corduroy-2410,https://cdn.shopify.com/s/files/1/0070/1922/files/instock_m_q325_The_Ojai_Jacket-DarkNavyCorduroy_portrait_001.jpg?v=1758118536
692,6.9,www.taylorstitch.com,stevens-trouser-in-black-olive-wool-flannel-2509,The Stevens Trouser in Black Olive Wool Flannel,Taylor Stitch,Bottoms,148.80,,,False,2025-09-16,,,0.0,0.0,6.9,0.0,0.0,https://www.taylorstitch.com/products/stevens-trouser-in-black-olive-wool-flannel-2509,https://cdn.shopify.com/s/files/1/0070/1922/files/instock_m_q325_The_Stevens_Trouser-BlackOliveWoolFlannel_portrait_001.jpg?v=1756916838
693,6.5,www.taylorstitch.com,nichols-polo-in-heather-grey-birdseye-merino-2602,The Nichols Polo in Heather Grey Birdseye Merino,Taylor Stitch,Sweaters,188.00,,,True,2026-03-04,,,0.0,0.0,0.0,6.5,0.0,https://www.taylorstitch.com/products/nichols-polo-in-heather-grey-birdseye-merino-2602,https://cdn.shopify.com/s/files/1/0070/1922/files/nichols-polo-in-heather-grey-birdseye-merino-2602_001.jpg?v=1790611893
694,6.0,www.taylorstitch.com,roper-jacket-in-vintage-wash-organic-selvedge-2512,The Roper Jacket in Vintage Wash Organic Selvedge,Taylor Stitch,Outerwear,166.60,,,False,2025-12-16,,,0.0,0.0,3.0,3.0,0.0,https://www.taylorstitch.com/products/roper-jacket-in-vintage-wash-organic-selvedge-2512,https://cdn.shopify.com/s/files/1/0070/1922/files/roper-jacket-in-vintage-wash-organic-selvedge-2512_001.jpg?v=1790612058
695,6.0,www.taylorstitch.com,nichols-polo-in-navy-birdseye-merino-2602,The Nichols Polo in Navy Birdseye Merino,Taylor Stitch,Sweaters,188.00,,,True,2026-02-20,,,0.0,0.0,0.0,6.0,0.0,https://www.taylorstitch.com/products/nichols-polo-in-navy-birdseye-merino-2602,https://cdn.shopify.com/s/files/1/0070/1922/files/nichols-polo-in-navy-birdseye-merino-2602_001.jpg?v=1790611897
696,5.9,www.taylorstitch.com,ryder-jacket-in-japanese-washed-indigo-sashiko-2603,The Ryder Jacket in Japanese Washed Indigo Sashiko,Taylor Stitch,Outerwear,208.60,,,True,2026-02-18,,,0.0,0.0,0.0,5.9,0.0,https://www.taylorstitch.com/products/ryder-jacket-in-japanese-washed-indigo-sashiko-2603,https://cdn.shopify.com/s/files/1/0070/1922/files/ryder-jacket-in-japanese-washed-indigo-sashiko-2603_001.jpg?v=1790612076
697,5.6,www.taylorstitch.com,fisherman-sweater-in-heather-brick-merino-2509,The Fisherman Sweater in Heather Brick Merino,Taylor Stitch,Knits,154.80,,,False,2025-09-10,,,0.0,0.0,5.6,0.0,0.0,https://www.taylorstitch.com/products/fisherman-sweater-in-heather-brick-merino-2509,https://cdn.shopify.com/s/files/1/0070/1922/files/instock_m_q325_The_Fisherman_Sweater-HeatherBrickMerino_portrait_001.jpg?v=1757434528
698,5.6,www.taylorstitch.com,fisherman-sweater-in-taupe-merino-2410,The Fisherman Sweater in Taupe Merino,Taylor Stitch,Knits,154.80,,,False,2025-09-10,,,0.0,0.0,5.6,0.0,0.0,https://www.taylorstitch.com/products/fisherman-sweater-in-taupe-merino-2410,https://cdn.shopify.com/s/files/1/0070/1922/files/instock_m_q424_The_Fisherman_Sweater-TaupeMerino_001.jpg?v=1762274653
699,5.6,www.taylorstitch.com,orr-sweater-in-marled-marine-merino-2509,The Orr Sweater in Marled Marine Merino,Taylor Stitch,Knits,154.80,,,False,2025-09-23,,,0.0,0.0,5.6,0.0,0.0,https://www.taylorstitch.com/products/orr-sweater-in-marled-marine-merino-2509,https://cdn.shopify.com/s/files/1/0070/1922/files/instock_m_q325_The_Orr_Sweater-MarledMarineMerino_portrait_001.jpg?v=1757016784
700,5.6,www.taylorstitch.com,surplus-jacket-in-field-olive-reverse-sateen-2507,The Surplus Jacket in Field Olive Reverse Sateen,Taylor Stitch,Outerwear,154.80,,,False,2025-07-11,,,0.0,0.0,5.6,0.0,0.0,https://www.taylorstitch.com/products/surplus-jacket-in-field-olive-reverse-sateen-2507,https://cdn.shopify.com/s/files/1/0070/1922/files/instock_m_q325_SurplusJacket-FieldOlive_portrait_001.jpg?v=1762276702
701,5.6,www.taylorstitch.com,utility-shirt-in-charcoal-sashiko-2510,The Utility Shirt in Charcoal Sashiko,Taylor Stitch,Wovens,155.00,,,True,2025-10-01,,,0.0,0.0,5.6,0.0,0.0,https://www.taylorstitch.com/products/utility-shirt-in-charcoal-sashiko-2510,https://cdn.shopify.com/s/files/1/0070/1922/files/utility-shirt-in-charcoal-sashiko-2510_001.jpg?v=1790612393
702,5.6,www.taylorstitch.com,utility-shirt-in-mulch-sashiko-2510,The Utility Shirt in Mulch Sashiko,Taylor Stitch,Wovens,155.00,,,True,2025-10-01,,,0.0,0.0,5.6,0.0,0.0,https://www.taylorstitch.com/products/utility-shirt-in-mulch-sashiko-2510,https://cdn.shopify.com/s/files/1/0070/1922/files/utility-shirt-in-mulch-sashiko-2510_001.jpg?v=1790612396
703,5.6,www.taylorstitch.com,utility-shirt-in-rinsed-indigo-sashiko-2509,The Utility Shirt in Rinsed Indigo Sashiko,Taylor Stitch,Wovens,155.00,,,True,2025-08-29,,,0.0,0.0,5.6,0.0,0.0,https://www.taylorstitch.com/products/utility-shirt-in-rinsed-indigo-sashiko-2509,https://cdn.shopify.com/s/files/1/0070/1922/files/utility-shirt-in-rinsed-indigo-sashiko-2509_001.jpg?v=1790612402
704,5.3,www.taylorstitch.com,democratic-jean-in-light-wash-organic-selvedge-2601,The Democratic Jean in Light Wash Organic Selvedge,Taylor Stitch,Bottoms,178.00,,,True,2026-01-26,,,0.0,0.0,0.4,4.9,0.0,https://www.taylorstitch.com/products/democratic-jean-in-light-wash-organic-selvedge-2601,https://cdn.shopify.com/s/files/1/0070/1922/files/democratic-jean-in-light-wash-organic-selvedge-2601_001.jpg?v=1790611392
705,5.3,www.taylorstitch.com,straight-jean-in-light-wash-organic-selvedge-2601,The Straight Jean in Light Wash Organic Selvedge,Taylor Stitch,Bottoms,178.00,,,True,2026-01-26,,,0.0,0.0,0.4,4.9,0.0,https://www.taylorstitch.com/products/straight-jean-in-light-wash-organic-selvedge-2601,https://cdn.shopify.com/s/files/1/0070/1922/files/straight-jean-in-light-wash-organic-selvedge-2601_001.jpg?v=1790612277
706,5.1,www.taylorstitch.com,crawford-crew-sweater-in-marled-natural-2601,The Crawford Crew Sweater in Marled Natural,Taylor Stitch,Sweaters,178.00,,,True,2026-01-22,,,0.0,0.0,0.4,4.7,0.0,https://www.taylorstitch.com/products/crawford-crew-sweater-in-marled-natural-2601,https://cdn.shopify.com/s/files/1/0070/1922/files/crawford-crew-sweater-in-marled-natural-2601_001.jpg?v=1790611303
707,5.0,www.taylorstitch.com,cinder-jacket-in-coal-dry-wax-2601,The Cinder Jacket in Coal Dry Wax,Taylor Stitch,Outerwear,298.00,,,True,2026-01-28,,,0.0,0.0,0.0,5.0,0.0,https://www.taylorstitch.com/products/cinder-jacket-in-coal-dry-wax-2601,https://cdn.shopify.com/s/files/1/0070/1922/files/cinder-jacket-in-coal-dry-wax-2601_001.jpg?v=1790611219
708,4.4,www.taylorstitch.com,ojai-jacket-in-french-blue-moleskin-2601,The Ojai Jacket in French Blue Moleskin,Taylor Stitch,Outerwear,248.00,,,True,2026-01-15,,,0.0,0.0,0.0,4.4,0.0,https://www.taylorstitch.com/products/ojai-jacket-in-french-blue-moleskin-2601,https://cdn.shopify.com/s/files/1/0070/1922/files/instock_m_q126_The_Ojai_Jacket-FrenchBlueMoleskin_portrait_001.jpg?v=1768418061
709,4.3,www.taylorstitch.com,apres-robe-in-charcoal-sashiko-2510,The Apres Robe in Charcoal Sashiko,Taylor Stitch,Accessories,168.00,,,True,2025-11-14,,,0.0,0.0,2.7,1.6,0.0,https://www.taylorstitch.com/products/apres-robe-in-charcoal-sashiko-2510,https://cdn.shopify.com/s/files/1/0070/1922/files/apres-robe-in-charcoal-sashiko-2510_001.jpg?v=1790611024
710,4.3,www.taylorstitch.com,apres-robe-in-navy-sashiko-2510,The Apres Robe in Navy Sashiko,Taylor Stitch,Accessories,168.00,,,True,2025-11-14,,,0.0,0.0,2.7,1.6,0.0,https://www.taylorstitch.com/products/apres-robe-in-navy-sashiko-2510,https://cdn.shopify.com/s/files/1/0070/1922/files/apres-robe-in-navy-sashiko-2510_001.jpg?v=1790611028
711,4.0,www.taylorstitch.com,golden-bear-snap-bomber-in-ivy-wool-2601,The Golden Bear Snap Bomber in Ivy Wool,Taylor Stitch,Outerwear,698.00,,,False,2026-01-07,,,0.0,0.0,0.0,4.0,0.0,https://www.taylorstitch.com/products/golden-bear-snap-bomber-in-ivy-wool-2601,https://cdn.shopify.com/s/files/1/0070/1922/files/instock_m_q126_The_Golden_Bear_Snap_Bomber_IvyWool_portrait_001.jpg?v=1767032358
712,3.3,www.taylorstitch.com,field-overshirt-in-mushroom-ripstop-2508,The Field Overshirt in Mushroom Ripstop,Taylor Stitch,Wovens,165.00,,,False,2025-08-22,,,0.0,0.0,3.3,0.0,0.0,https://www.taylorstitch.com/products/field-overshirt-in-mushroom-ripstop-2508,https://cdn.shopify.com/s/files/1/0070/1922/files/instock_m_q325_The_Field_Overshirt-MushroomRipstop_portrait_001.jpg?v=1762276726
713,2.9,www.taylorstitch.com,fisherman-shawl-cardigan-in-heather-coal-merino-2509,The Fisherman Shawl Cardigan in Heather Coal Merino,Taylor Stitch,Knits,166.80,,,False,2025-09-10,,,0.0,0.0,2.9,0.0,0.0,https://www.taylorstitch.com/products/fisherman-shawl-cardigan-in-heather-coal-merino-2509,https://cdn.shopify.com/s/files/1/0070/1922/files/instock_m_q325_The_Fisherman_Shawl_Cardigan-HeatherCoalMerino_portrait_001.jpg?v=1762276743
714,2.7,www.taylorstitch.com,carnegie-pant-in-bourbon-corduroy-2409,The Carnegie Pant in Bourbon Corduroy,Taylor Stitch,Bottoms,168.00,,,True,2025-09-04,,,0.0,0.0,2.7,0.0,0.0,https://www.taylorstitch.com/products/carnegie-pant-in-bourbon-corduroy-2409,https://cdn.shopify.com/s/files/1/0070/1922/files/carnegie-pant-in-bourbon-corduroy-2409_001.jpg?v=1790611193
715,2.2,www.taylorstitch.com,seawall-hand-knit-sweater-in-heather-graphite-2511,The Seawall Hand-Knit Sweater in Heather Graphite,Taylor Stitch,Knits,548.00,,,False,2025-11-28,,,0.0,0.0,0.0,2.2,0.0,https://www.taylorstitch.com/products/seawall-hand-knit-sweater-in-heather-graphite-2511,https://cdn.shopify.com/s/files/1/0070/1922/files/seawall-hand-knit-sweater-in-heather-graphite-2511_001.jpg?v=1790612089
716,2.1,www.taylorstitch.com,ojai-jacket-in-marsh-guncheck-harris-tweed-wool-2511,The Ojai Jacket in Marsh Guncheck Harris Tweed Wool,Taylor Stitch,Outerwear,398.00,,,False,2025-11-25,,,0.0,0.0,0.0,2.1,0.0,https://www.taylorstitch.com/products/ojai-jacket-in-marsh-guncheck-harris-tweed-wool-2511,https://cdn.shopify.com/s/files/1/0070/1922/files/instock_m_q425_The_Ojai_Jacket-MarshGuncheckHarrisTweedWool_portrait_001.jpg?v=1763486341
717,2.1,www.taylorstitch.com,ojai-jacket-in-midnight-tartan-harris-tweed-wool-2511,The Ojai Jacket in Midnight Tartan Harris Tweed Wool,Taylor Stitch,Outerwear,398.00,,,False,2025-11-25,,,0.0,0.0,0.0,2.1,0.0,https://www.taylorstitch.com/products/ojai-jacket-in-midnight-tartan-harris-tweed-wool-2511,https://cdn.shopify.com/s/files/1/0070/1922/files/instock_m_q425_The_Ojai_Jacket-MidnightTartanHarrisTweedWool_portrait_001.jpg?v=1763488073
718,1.9,www.taylorstitch.com,crawford-sweater-in-coffee-twist-2510,The Crawford Sweater in Coffee Twist,Taylor Stitch,Knits,188.00,,,True,2025-11-21,,,0.0,0.0,0.0,1.9,0.0,https://www.taylorstitch.com/products/crawford-sweater-in-coffee-twist-2510,https://cdn.shopify.com/s/files/1/0070/1922/files/instock_m_q325_crawford_sweater_coffee_twist_portrait_001.jpg?v=1753284749
719,1.9,www.taylorstitch.com,mariner-jean-in-rinse-organic-selvedge-2502,The Mariner Jean in Rinsed Organic Selvedge,Taylor Stitch,Bottoms,188.00,,,True,2025-11-21,,,0.0,0.0,0.0,1.9,0.0,https://www.taylorstitch.com/products/mariner-jean-in-rinse-organic-selvedge-2502,https://cdn.shopify.com/s/files/1/0070/1922/files/instock_m_q425_The_Mariner_Jean-RinsedOrganicSelvedge_portrait_001.jpg?v=1763747520
720,1.6,www.taylorstitch.com,insulated-bomber-jacket-in-dark-navy-dry-wax-2508,The Insulated Bomber Jacket in Dark Navy Dry Wax,Taylor Stitch,Outerwear,172.80,,,True,2025-08-19,,,0.0,0.0,1.6,0.0,0.0,https://www.taylorstitch.com/products/insulated-bomber-jacket-in-dark-navy-dry-wax-2508,https://cdn.shopify.com/s/files/1/0070/1922/files/instock_m_q325_insulated_bomber_jacket_dark_navy_dry_wax_portrait_001.jpg?v=1755277784
721,1.6,www.taylorstitch.com,bomber-jacket-in-fatigue-olive-dry-wax-2408,The Insulated Bomber Jacket in Fatigue Olive Dry Wax,Taylor Stitch,Outerwear,172.80,,,False,2025-08-19,,,0.0,0.0,1.6,0.0,0.0,https://www.taylorstitch.com/products/bomber-jacket-in-fatigue-olive-dry-wax-2408,https://cdn.shopify.com/s/files/1/0070/1922/files/7307482955853_bomber-jacket-in-fatigue-olive-dry-wax-2408_01_tsio.jpg?v=1755279839
722,1.5,www.taylorstitch.com,seafarer-sweater-in-natural-donegal-2511,The Seafarer Rollneck Sweater in Natural Donegal,Taylor Stitch,Sweaters,188.00,,,True,2025-11-11,,,0.0,0.0,0.0,1.5,0.0,https://www.taylorstitch.com/products/seafarer-sweater-in-natural-donegal-2511,https://cdn.shopify.com/s/files/1/0070/1922/files/instock_m_q425_The_Seafarer_Sweater-NaturalDonegal_portrait_001.jpg?v=1791488776
723,1.4,www.taylorstitch.com,coleman-jacket-in-dark-chocolate-shearling-suede-2511,The Coleman Jacket in Dark Chocolate Shearling Suede,Taylor Stitch,Outerwear,1048.00,,,True,2025-11-09,,,0.0,0.0,0.0,1.4,0.0,https://www.taylorstitch.com/products/coleman-jacket-in-dark-chocolate-shearling-suede-2511,https://cdn.shopify.com/s/files/1/0070/1922/files/instock_m_q425_The_Coleman_Jacket-DarkChocolateShearlingSuede_portrait_001.jpg?v=1761666534
724,1.4,www.taylorstitch.com,waterfront-jacket-in-evergreen-plaid-wool-2511,The Waterfront Jacket in Evergreen Plaid Wool,Taylor Stitch,Outerwear,178.80,,,False,2025-11-03,,,0.0,0.0,0.3,1.1,0.0,https://www.taylorstitch.com/products/waterfront-jacket-in-evergreen-plaid-wool-2511,https://cdn.shopify.com/s/files/1/0070/1922/files/instock_m_q425_The_Waterfront_Jacket-EvergreenPlaidWool_portrait_001.jpg?v=1762190283
725,0.9,www.taylorstitch.com,mariner-coat-in-sable-melton-wool-2211,The Mariner Coat in Sable Melton Wool,Taylor Stitch,Outerwear,348.60,,,False,2025-10-30,,,0.0,0.0,0.0,0.9,0.0,https://www.taylorstitch.com/products/mariner-coat-in-sable-melton-wool-2211,https://cdn.shopify.com/s/files/1/0070/1922/products/instock_m_q422_Mariner_Coat_Sable_Melton_Wool_001.jpg?v=1763411825
726,0.4,www.taylorstitch.com,cutter-overshirt-in-stone-plaid-2510,The Cutter Overshirt in Stone Plaid,Taylor Stitch,Wovens,178.00,,,False,2025-10-06,,,0.0,0.0,0.4,0.0,0.0,https://www.taylorstitch.com/products/cutter-overshirt-in-stone-plaid-2510,https://cdn.shopify.com/s/files/1/0070/1922/files/instock_m_q425_The_Cutter_Overshirt-StonePlaid_portrait_001.jpg?v=1759443939
727,0.4,www.taylorstitch.com,cutter-overshirt-in-timber-plaid-2510,The Cutter Overshirt in Timber Plaid,Taylor Stitch,Wovens,178.00,,,True,2025-10-06,,,0.0,0.0,0.4,0.0,0.0,https://www.taylorstitch.com/products/cutter-overshirt-in-timber-plaid-2510,https://cdn.shopify.com/s/files/1/0070/1922/files/instock_m_q425_The_Cutter_Overshirt-TimberPlaid_portrait_001.jpg?v=1762277153
728,0.4,www.taylorstitch.com,shop-shirt-in-aged-penny-chipped-canvas-2408,The Shop Shirt in Aged Penny Chipped Canvas,Taylor Stitch,Wovens,178.00,,,True,2025-05-30,,,0.0,0.0,0.4,0.0,0.0,https://www.taylorstitch.com/products/shop-shirt-in-aged-penny-chipped-canvas-2408,https://cdn.shopify.com/s/files/1/0070/1922/files/shop-shirt-in-aged-penny-chipped-canvas-2408_001.jpg?v=1790612099
729,0.4,www.taylorstitch.com,shop-shirt-in-coal-chipped-canvas-2408,The Shop Shirt in Coal Chipped Canvas,Taylor Stitch,Wovens,178.00,,,True,2025-05-14,,,0.0,0.0,0.4,0.0,0.0,https://www.taylorstitch.com/products/shop-shirt-in-coal-chipped-canvas-2408,https://cdn.shopify.com/s/files/1/0070/1922/files/shop-shirt-in-coal-chipped-canvas-2408_001.jpg?v=1790612102
730,0.4,www.taylorstitch.com,shop-shirt-in-navy-chipped-canvas-2308,The Shop Shirt in Navy Chipped Canvas,Taylor Stitch,Wovens,178.00,,,True,2025-05-17,,,0.0,0.0,0.4,0.0,0.0,https://www.taylorstitch.com/products/shop-shirt-in-navy-chipped-canvas-2308,https://cdn.shopify.com/s/files/1/0070/1922/files/shop-shirt-in-navy-chipped-canvas-2308_001.jpg?v=1790612104
731,0.4,www.taylorstitch.com,shop-shirt-in-stone-chipped-canvas-2410,The Shop Shirt in Stone Chipped Canvas,Taylor Stitch,Wovens,178.00,,,True,2025-06-05,,,0.0,0.0,0.4,0.0,0.0,https://www.taylorstitch.com/products/shop-shirt-in-stone-chipped-canvas-2410,https://cdn.shopify.com/s/files/1/0070/1922/files/shop-shirt-in-stone-chipped-canvas-2410_001.jpg?v=1790612106
732,0.4,www.taylorstitch.com,straight-jean-in-mid-wash-organic-selvedge-2408,The Straight Jean in Mid Wash Organic Selvedge,Taylor Stitch,Bottoms,178.00,,,True,2025-07-15,,,0.0,0.0,0.4,0.0,0.0,https://www.taylorstitch.com/products/straight-jean-in-mid-wash-organic-selvedge-2408,https://cdn.shopify.com/s/files/1/0070/1922/files/straight-jean-in-mid-wash-organic-selvedge-2408_001.jpg?v=1790612280
733,0.4,www.taylorstitch.com,long-haul-jacket-in-black-indigo-waffle-2510,The Long Haul Jacket in Black Indigo Waffle,Taylor Stitch,Outerwear,208.00,,,True,2025-10-17,,,0.0,0.0,0.0,0.4,0.0,https://www.taylorstitch.com/products/long-haul-jacket-in-black-indigo-waffle-2510,https://cdn.shopify.com/s/files/1/0070/1922/files/long-haul-jacket-in-black-indigo-waffle-2510_001.jpg?v=1790611781
734,0.3,www.taylorstitch.com,down-sweater-in-olive-waxed-ripstop-2510,The Down Sweater in Olive Waxed Ripstop,Taylor Stitch,Outerwear,798.00,,,True,2025-10-15,,,0.0,0.0,0.0,0.3,0.0,https://www.taylorstitch.com/products/down-sweater-in-olive-waxed-ripstop-2510,https://cdn.shopify.com/s/files/1/0070/1922/files/down-sweater-in-olive-waxed-ripstop-2510_001.jpg?v=1790611444
735,0.3,www.taylorstitch.com,down-vest-in-brick-red-waxed-ripstop-2510,The Down Vest in Brick Red Waxed Ripstop,Taylor Stitch,Outerwear,598.00,,,False,2025-10-15,,,0.0,0.0,0.0,0.3,0.0,https://www.taylorstitch.com/products/down-vest-in-brick-red-waxed-ripstop-2510,https://cdn.shopify.com/s/files/1/0070/1922/files/instock_m_q425_CrescentDownWorks-The_Down_Vest-BrickRed_portrait_001.jpg?v=1759863564
736,0.2,www.taylorstitch.com,long-haul-jacket-in-rinsed-organic-selvedge-2501,The Long Haul Jacket in Rinsed Organic Selvedge,Taylor Stitch,Outerwear,228.00,,,True,2025-10-13,,,0.0,0.0,0.0,0.2,0.0,https://www.taylorstitch.com/products/long-haul-jacket-in-rinsed-organic-selvedge-2501,https://cdn.shopify.com/s/files/1/0070/1922/files/long-haul-jacket-in-rinsed-organic-selvedge-2501_001.jpg?v=1790611788
737,0.0,www.taylorstitch.com,crawford-sweater-in-black-cherry-2309,The Crawford Sweater in Black Cherry,Taylor Stitch,Knits,188.00,,,False,2025-04-25,,,0.0,0.0,0.0,0.0,0.0,https://www.taylorstitch.com/products/crawford-sweater-in-black-cherry-2309,https://cdn.shopify.com/s/files/1/0070/1922/files/instock_m_q323_Crawford_Sweater_Black_Cherry_001.jpg?v=1762272143
738,0.0,www.taylorstitch.com,good-acre-chore-pant-in-black-canvas-2509,The Good Acre Chore Pant in Black Canvas,Taylor Stitch,Bottoms,198.00,,,False,2025-08-06,,,0.0,0.0,0.0,0.0,0.0,https://www.taylorstitch.com/products/good-acre-chore-pant-in-black-canvas-2509,https://cdn.shopify.com/s/files/1/0070/1922/files/instock_m_q325_goodacre_black_portrait_001.jpg?v=1754341517
739,0.0,www.taylorstitch.com,good-acre-chore-pant-in-natural-canvas-2509,The Good Acre Chore Pant in Natural Canvas,Taylor Stitch,Bottoms,198.00,,,False,2025-08-06,,,0.0,0.0,0.0,0.0,0.0,https://www.taylorstitch.com/products/good-acre-chore-pant-in-natural-canvas-2509,https://cdn.shopify.com/s/files/1/0070/1922/files/instock_m_q325_The_Good_Acre_Chore_Pant-NaturalCanvas_portrait_001.jpg?v=1754325624
740,0.0,www.taylorstitch.com,long-haul-jacket-in-rinsed-indigo-waffle-2504,The Long Haul Jacket in Rinsed Indigo Waffle,Taylor Stitch,Outerwear,208.00,,,True,2025-04-25,,,0.0,0.0,0.0,0.0,0.0,https://www.taylorstitch.com/products/long-haul-jacket-in-rinsed-indigo-waffle-2504,https://cdn.shopify.com/s/files/1/0070/1922/files/long-haul-jacket-in-rinsed-indigo-waffle-2504_001.jpg?v=1790611785
741,0.0,www.taylorstitch.com,maritime-shirt-jacket-in-vintage-white-moleskin-twill-2509,The Maritime Shirt Jacket in Vintage White Moleskin Twill,Taylor Stitch,Outerwear,198.00,,,True,2025-09-15,,,0.0,0.0,0.0,0.0,0.0,https://www.taylorstitch.com/products/maritime-shirt-jacket-in-vintage-white-moleskin-twill-2509,https://cdn.shopify.com/s/files/1/0070/1922/files/maritime-shirt-jacket-in-vintage-white-moleskin-twill-2509_001.jpg?v=1790611818
742,0.0,www.taylorstitch.com,the-moto-jacket-in-whiskey-steerhide,The Moto Jacket in Whiskey Steerhide,Taylor Stitch,Outerwear,1248.00,,,True,2025-08-20,,,0.0,0.0,0.0,0.0,0.0,https://www.taylorstitch.com/products/the-moto-jacket-in-whiskey-steerhide,https://cdn.shopify.com/s/files/1/0070/1922/products/the-moto-jacket-in-whiskey-steerhide_001.jpg?v=1790612378
743,0.0,www.taylorstitch.com,ojai-jacket-in-bourbon-corduroy-2410,The Ojai Jacket in Bourbon Corduroy,Taylor Stitch,Outerwear,248.00,,,True,2025-09-22,,,0.0,0.0,0.0,0.0,0.0,https://www.taylorstitch.com/products/ojai-jacket-in-bourbon-corduroy-2410,https://cdn.shopify.com/s/files/1/0070/1922/files/ojai-jacket-in-bourbon-corduroy-2410_001.jpg?v=1790611911
744,0.0,www.taylorstitch.com,ryder-jacket-in-coal-chipped-canvas-2508,The Ryder Jacket in Coal Chipped Canvas,Taylor Stitch,Outerwear,218.00,,,True,2025-07-31,,,0.0,0.0,0.0,0.0,0.0,https://www.taylorstitch.com/products/ryder-jacket-in-coal-chipped-canvas-2508,https://cdn.shopify.com/s/files/1/0070/1922/files/ryder-jacket-in-coal-chipped-canvas-2508_001.jpg?v=1790612074
745,0.0,www.taylorstitch.com,ryder-jacket-in-tobacco-chipped-canvas-2408,The Ryder Jacket in Tobacco Chipped Canvas,Taylor Stitch,Outerwear,218.00,,,True,2025-06-12,,,0.0,0.0,0.0,0.0,0.0,https://www.taylorstitch.com/products/ryder-jacket-in-tobacco-chipped-canvas-2408,https://cdn.shopify.com/s/files/1/0070/1922/files/ryder-jacket-in-tobacco-chipped-canvas-2408_001.jpg?v=1790612080
746,0.0,www.taylorstitch.com,sergio-in-black-2505,The Sergio in Black,Taylor Stitch,Accessories,195.00,,,False,2025-05-22,,,0.0,0.0,0.0,0.0,0.0,https://www.taylorstitch.com/products/sergio-in-black-2505,https://cdn.shopify.com/s/files/1/0070/1922/files/sergio-in-black-2505_001.jpg?v=1790612090
747,0.0,www.taylorstitch.com,sergio-in-demi-amber-2505,The Sergio in Demi Amber,Taylor Stitch,Accessories,195.00,,,False,2025-05-22,,,0.0,0.0,0.0,0.0,0.0,https://www.taylorstitch.com/products/sergio-in-demi-amber-2505,https://cdn.shopify.com/s/files/1/0070/1922/files/instock_m_q225_allynscura_sergio_demiamber_portrait_001.jpg?v=1762276194
748,0.0,www.taylorstitch.com,stevens-sportcoat-in-black-olive-wool-flannel-2509,The Stevens Sportcoat in Black Olive Wool Flannel,Taylor Stitch,Outerwear,224.00,,,False,2025-09-16,,,0.0,0.0,0.0,0.0,0.0,https://www.taylorstitch.com/products/stevens-sportcoat-in-black-olive-wool-flannel-2509,https://cdn.shopify.com/s/files/1/0070/1922/files/stevens-sportcoat-in-black-olive-wool-flannel-2509_001.jpg?v=1790612253
749,0.0,www.taylorstitch.com,stevens-sportcoat-in-coffee-linen-herringbone-2504,The Stevens Sportcoat in Coffee Linen Herringbone,Taylor Stitch,Outerwear,226.80,,,False,2025-04-09,,,0.0,0.0,0.0,0.0,0.0,https://www.taylorstitch.com/products/stevens-sportcoat-in-coffee-linen-herringbone-2504,https://cdn.shopify.com/s/files/1/0070/1922/files/instock_m_q225_The_Stevens_Sportcoat-CoffeeLinenHerringbone_portrait_001.jpg?v=1762275348
750,0.0,www.taylorstitch.com,stevens-sportcoat-in-navy-linen-seersucker-2503,The Stevens Sportcoat in Navy Linen Seersucker,Taylor Stitch,Outerwear,214.80,,,False,2025-04-04,,,0.0,0.0,0.0,0.0,0.0,https://www.taylorstitch.com/products/stevens-sportcoat-in-navy-linen-seersucker-2503,https://cdn.shopify.com/s/files/1/0070/1922/files/instock_m_q225_The_Stevens_Sportcoat-NavyLinenSeersucker_portrait_001.jpg?v=1762275256
